--
-- PostgreSQL database cluster dump
--

\restrict adPIXXQS0dXlPJ2jaJg8QSe9zFceJPy8K6nEVK3bDXFiDk9XZT1Q8KGaAFw6ikL

SET default_transaction_read_only = off;

SET client_encoding = 'UTF8';
SET standard_conforming_strings = on;

--
-- Roles
--

CREATE ROLE yess_user;
ALTER ROLE yess_user WITH SUPERUSER INHERIT CREATEROLE CREATEDB LOGIN REPLICATION BYPASSRLS PASSWORD 'SCRAM-SHA-256$4096:jW30ehMOS8bFjTcyWAitzA==$dpXkiyAe6yWpsL+TqOZ2AJeNBhugL/Bq2lxpyhLeVVw=:eU45WS/rMlDEsUENWEPVVU7pAdyIqwmV/8zMbAwW9Rg=';

--
-- User Configurations
--








\unrestrict adPIXXQS0dXlPJ2jaJg8QSe9zFceJPy8K6nEVK3bDXFiDk9XZT1Q8KGaAFw6ikL

--
-- Databases
--

--
-- Database "template1" dump
--

\connect template1

--
-- PostgreSQL database dump
--

\restrict ZwQTmhEeg86ogpjSsEL5QMcXEPSHkTKfg9VhFThdQCV59TuPNRXzwfoMZQU7lN0

-- Dumped from database version 15.15 (Debian 15.15-1.pgdg13+1)
-- Dumped by pg_dump version 15.15 (Debian 15.15-1.pgdg13+1)

SET statement_timeout = 0;
SET lock_timeout = 0;
SET idle_in_transaction_session_timeout = 0;
SET client_encoding = 'UTF8';
SET standard_conforming_strings = on;
SELECT pg_catalog.set_config('search_path', '', false);
SET check_function_bodies = false;
SET xmloption = content;
SET client_min_messages = warning;
SET row_security = off;

--
-- PostgreSQL database dump complete
--

\unrestrict ZwQTmhEeg86ogpjSsEL5QMcXEPSHkTKfg9VhFThdQCV59TuPNRXzwfoMZQU7lN0

--
-- Database "postgres" dump
--

\connect postgres

--
-- PostgreSQL database dump
--

\restrict 6rT1ng0f3mZ8zc0DRzhXWHX8e8MMxlkinfuiqQJ1QDD93kohdg9Z7WgIi2HbQ1o

-- Dumped from database version 15.15 (Debian 15.15-1.pgdg13+1)
-- Dumped by pg_dump version 15.15 (Debian 15.15-1.pgdg13+1)

SET statement_timeout = 0;
SET lock_timeout = 0;
SET idle_in_transaction_session_timeout = 0;
SET client_encoding = 'UTF8';
SET standard_conforming_strings = on;
SELECT pg_catalog.set_config('search_path', '', false);
SET check_function_bodies = false;
SET xmloption = content;
SET client_min_messages = warning;
SET row_security = off;

--
-- PostgreSQL database dump complete
--

\unrestrict 6rT1ng0f3mZ8zc0DRzhXWHX8e8MMxlkinfuiqQJ1QDD93kohdg9Z7WgIi2HbQ1o

--
-- Database "yess_db" dump
--

--
-- PostgreSQL database dump
--

\restrict dzCVUy41RCX8PsZwaWMycDrHItgvBaXGfNi2NBRZvXoKXv34BoIXcnHxsO41GGg

-- Dumped from database version 15.15 (Debian 15.15-1.pgdg13+1)
-- Dumped by pg_dump version 15.15 (Debian 15.15-1.pgdg13+1)

SET statement_timeout = 0;
SET lock_timeout = 0;
SET idle_in_transaction_session_timeout = 0;
SET client_encoding = 'UTF8';
SET standard_conforming_strings = on;
SELECT pg_catalog.set_config('search_path', '', false);
SET check_function_bodies = false;
SET xmloption = content;
SET client_min_messages = warning;
SET row_security = off;

--
-- Name: yess_db; Type: DATABASE; Schema: -; Owner: yess_user
--

CREATE DATABASE yess_db WITH TEMPLATE = template0 ENCODING = 'UTF8' LOCALE_PROVIDER = libc LOCALE = 'en_US.utf8';


ALTER DATABASE yess_db OWNER TO yess_user;

\unrestrict dzCVUy41RCX8PsZwaWMycDrHItgvBaXGfNi2NBRZvXoKXv34BoIXcnHxsO41GGg
\connect yess_db
\restrict dzCVUy41RCX8PsZwaWMycDrHItgvBaXGfNi2NBRZvXoKXv34BoIXcnHxsO41GGg

SET statement_timeout = 0;
SET lock_timeout = 0;
SET idle_in_transaction_session_timeout = 0;
SET client_encoding = 'UTF8';
SET standard_conforming_strings = on;
SELECT pg_catalog.set_config('search_path', '', false);
SET check_function_bodies = false;
SET xmloption = content;
SET client_min_messages = warning;
SET row_security = off;

--
-- Name: hstore; Type: EXTENSION; Schema: -; Owner: -
--

CREATE EXTENSION IF NOT EXISTS hstore WITH SCHEMA public;


--
-- Name: EXTENSION hstore; Type: COMMENT; Schema: -; Owner: 
--

COMMENT ON EXTENSION hstore IS 'data type for storing sets of (key, value) pairs';


SET default_tablespace = '';

SET default_table_access_method = heap;

--
-- Name: AchievementProgresses; Type: TABLE; Schema: public; Owner: yess_user
--

CREATE TABLE public."AchievementProgresses" (
    "Id" integer NOT NULL,
    "UserId" integer NOT NULL,
    "AchievementId" integer NOT NULL,
    "Progress" numeric NOT NULL,
    "UpdatedAt" timestamp with time zone NOT NULL
);


ALTER TABLE public."AchievementProgresses" OWNER TO yess_user;

--
-- Name: AchievementProgresses_Id_seq; Type: SEQUENCE; Schema: public; Owner: yess_user
--

ALTER TABLE public."AchievementProgresses" ALTER COLUMN "Id" ADD GENERATED BY DEFAULT AS IDENTITY (
    SEQUENCE NAME public."AchievementProgresses_Id_seq"
    START WITH 1
    INCREMENT BY 1
    NO MINVALUE
    NO MAXVALUE
    CACHE 1
);


--
-- Name: Achievements; Type: TABLE; Schema: public; Owner: yess_user
--

CREATE TABLE public."Achievements" (
    "Id" integer NOT NULL,
    "Name" character varying(255) NOT NULL,
    "Description" text,
    "CreatedAt" timestamp with time zone NOT NULL
);


ALTER TABLE public."Achievements" OWNER TO yess_user;

--
-- Name: Achievements_Id_seq; Type: SEQUENCE; Schema: public; Owner: yess_user
--

ALTER TABLE public."Achievements" ALTER COLUMN "Id" ADD GENERATED BY DEFAULT AS IDENTITY (
    SEQUENCE NAME public."Achievements_Id_seq"
    START WITH 1
    INCREMENT BY 1
    NO MINVALUE
    NO MAXVALUE
    CACHE 1
);


--
-- Name: AdminUsers; Type: TABLE; Schema: public; Owner: yess_user
--

CREATE TABLE public."AdminUsers" (
    "Id" uuid DEFAULT gen_random_uuid() NOT NULL,
    "Username" character varying(100) NOT NULL,
    "Email" character varying(255) NOT NULL,
    "PasswordHash" text NOT NULL,
    "Role" character varying(50) DEFAULT 'admin'::character varying NOT NULL,
    "IsActive" boolean DEFAULT true NOT NULL,
    "CreatedAt" timestamp with time zone DEFAULT now() NOT NULL,
    "UpdatedAt" timestamp with time zone DEFAULT now() NOT NULL
);


ALTER TABLE public."AdminUsers" OWNER TO yess_user;

--
-- Name: Cities; Type: TABLE; Schema: public; Owner: yess_user
--

CREATE TABLE public."Cities" (
    "Id" integer NOT NULL,
    "Name" character varying(100) NOT NULL,
    "NameKg" character varying(100),
    "NameRu" character varying(100),
    "NameEn" character varying(100),
    "Region" character varying(100),
    "Latitude" numeric(10,8),
    "Longitude" numeric(11,8),
    "Population" integer,
    "IsCapital" boolean NOT NULL
);


ALTER TABLE public."Cities" OWNER TO yess_user;

--
-- Name: Cities_Id_seq; Type: SEQUENCE; Schema: public; Owner: yess_user
--

ALTER TABLE public."Cities" ALTER COLUMN "Id" ADD GENERATED BY DEFAULT AS IDENTITY (
    SEQUENCE NAME public."Cities_Id_seq"
    START WITH 1
    INCREMENT BY 1
    NO MINVALUE
    NO MAXVALUE
    CACHE 1
);


--
-- Name: LevelRewards; Type: TABLE; Schema: public; Owner: yess_user
--

CREATE TABLE public."LevelRewards" (
    "Id" integer NOT NULL,
    "Level" integer NOT NULL,
    "RewardType" text,
    "RewardValue" numeric
);


ALTER TABLE public."LevelRewards" OWNER TO yess_user;

--
-- Name: LevelRewards_Id_seq; Type: SEQUENCE; Schema: public; Owner: yess_user
--

ALTER TABLE public."LevelRewards" ALTER COLUMN "Id" ADD GENERATED BY DEFAULT AS IDENTITY (
    SEQUENCE NAME public."LevelRewards_Id_seq"
    START WITH 1
    INCREMENT BY 1
    NO MINVALUE
    NO MAXVALUE
    CACHE 1
);


--
-- Name: NotificationLogs; Type: TABLE; Schema: public; Owner: yess_user
--

CREATE TABLE public."NotificationLogs" (
    "Id" integer NOT NULL,
    "UserId" integer NOT NULL,
    "Channel" character varying(50) NOT NULL,
    "Recipient" character varying(255),
    "Subject" character varying(255) NOT NULL,
    "Content" text,
    "Status" character varying(50) NOT NULL,
    "ErrorMessage" text,
    "CreatedAt" timestamp with time zone NOT NULL,
    "SentAt" timestamp with time zone
);


ALTER TABLE public."NotificationLogs" OWNER TO yess_user;

--
-- Name: NotificationLogs_Id_seq; Type: SEQUENCE; Schema: public; Owner: yess_user
--

ALTER TABLE public."NotificationLogs" ALTER COLUMN "Id" ADD GENERATED BY DEFAULT AS IDENTITY (
    SEQUENCE NAME public."NotificationLogs_Id_seq"
    START WITH 1
    INCREMENT BY 1
    NO MINVALUE
    NO MAXVALUE
    CACHE 1
);


--
-- Name: NotificationSettings; Type: TABLE; Schema: public; Owner: yess_user
--

CREATE TABLE public."NotificationSettings" (
    "Id" integer NOT NULL,
    "UserId" integer NOT NULL,
    "PushEnabled" boolean NOT NULL,
    "EmailEnabled" boolean NOT NULL,
    "SmsEnabled" boolean NOT NULL
);


ALTER TABLE public."NotificationSettings" OWNER TO yess_user;

--
-- Name: NotificationSettings_Id_seq; Type: SEQUENCE; Schema: public; Owner: yess_user
--

ALTER TABLE public."NotificationSettings" ALTER COLUMN "Id" ADD GENERATED BY DEFAULT AS IDENTITY (
    SEQUENCE NAME public."NotificationSettings_Id_seq"
    START WITH 1
    INCREMENT BY 1
    NO MINVALUE
    NO MAXVALUE
    CACHE 1
);


--
-- Name: NotificationTemplates; Type: TABLE; Schema: public; Owner: yess_user
--

CREATE TABLE public."NotificationTemplates" (
    "Id" integer NOT NULL,
    "Code" character varying(100) NOT NULL,
    "Title" character varying(255) NOT NULL,
    "Body" text
);


ALTER TABLE public."NotificationTemplates" OWNER TO yess_user;

--
-- Name: NotificationTemplates_Id_seq; Type: SEQUENCE; Schema: public; Owner: yess_user
--

ALTER TABLE public."NotificationTemplates" ALTER COLUMN "Id" ADD GENERATED BY DEFAULT AS IDENTITY (
    SEQUENCE NAME public."NotificationTemplates_Id_seq"
    START WITH 1
    INCREMENT BY 1
    NO MINVALUE
    NO MAXVALUE
    CACHE 1
);


--
-- Name: Notifications; Type: TABLE; Schema: public; Owner: yess_user
--

CREATE TABLE public."Notifications" (
    "Id" integer NOT NULL,
    "UserId" integer NOT NULL,
    "Title" character varying(255) NOT NULL,
    "Body" text,
    "Type" character varying(50) NOT NULL,
    "IsRead" boolean NOT NULL,
    "CreatedAt" timestamp with time zone NOT NULL
);


ALTER TABLE public."Notifications" OWNER TO yess_user;

--
-- Name: Notifications_Id_seq; Type: SEQUENCE; Schema: public; Owner: yess_user
--

ALTER TABLE public."Notifications" ALTER COLUMN "Id" ADD GENERATED BY DEFAULT AS IDENTITY (
    SEQUENCE NAME public."Notifications_Id_seq"
    START WITH 1
    INCREMENT BY 1
    NO MINVALUE
    NO MAXVALUE
    CACHE 1
);


--
-- Name: OrderItems; Type: TABLE; Schema: public; Owner: yess_user
--

CREATE TABLE public."OrderItems" (
    "Id" integer NOT NULL,
    "OrderId" integer NOT NULL,
    "ProductId" integer NOT NULL,
    "ProductName" character varying(200) NOT NULL,
    "ProductPrice" numeric(10,2) NOT NULL,
    "Quantity" integer NOT NULL,
    "Subtotal" numeric(10,2) NOT NULL,
    "Notes" text,
    "CreatedAt" timestamp with time zone NOT NULL
);


ALTER TABLE public."OrderItems" OWNER TO yess_user;

--
-- Name: OrderItems_Id_seq; Type: SEQUENCE; Schema: public; Owner: yess_user
--

ALTER TABLE public."OrderItems" ALTER COLUMN "Id" ADD GENERATED BY DEFAULT AS IDENTITY (
    SEQUENCE NAME public."OrderItems_Id_seq"
    START WITH 1
    INCREMENT BY 1
    NO MINVALUE
    NO MAXVALUE
    CACHE 1
);


--
-- Name: PartnerEmployees; Type: TABLE; Schema: public; Owner: yess_user
--

CREATE TABLE public."PartnerEmployees" (
    "Id" integer NOT NULL,
    "PartnerId" integer NOT NULL,
    "UserId" integer NOT NULL,
    "Position" character varying(100),
    "HiredAt" timestamp with time zone NOT NULL
);


ALTER TABLE public."PartnerEmployees" OWNER TO yess_user;

--
-- Name: PartnerEmployees_Id_seq; Type: SEQUENCE; Schema: public; Owner: yess_user
--

ALTER TABLE public."PartnerEmployees" ALTER COLUMN "Id" ADD GENERATED BY DEFAULT AS IDENTITY (
    SEQUENCE NAME public."PartnerEmployees_Id_seq"
    START WITH 1
    INCREMENT BY 1
    NO MINVALUE
    NO MAXVALUE
    CACHE 1
);


--
-- Name: PartnerLocations; Type: TABLE; Schema: public; Owner: yess_user
--

CREATE TABLE public."PartnerLocations" (
    "Id" integer NOT NULL,
    "PartnerId" integer NOT NULL,
    "Address" character varying(500),
    "Latitude" numeric(10,8),
    "Longitude" numeric(11,8),
    "PhoneNumber" character varying(50),
    "WorkingHours" public.hstore,
    "IsActive" boolean NOT NULL,
    "IsMainLocation" boolean NOT NULL,
    "CreatedAt" timestamp with time zone NOT NULL,
    "UpdatedAt" timestamp with time zone NOT NULL
);


ALTER TABLE public."PartnerLocations" OWNER TO yess_user;

--
-- Name: PartnerLocations_Id_seq; Type: SEQUENCE; Schema: public; Owner: yess_user
--

ALTER TABLE public."PartnerLocations" ALTER COLUMN "Id" ADD GENERATED BY DEFAULT AS IDENTITY (
    SEQUENCE NAME public."PartnerLocations_Id_seq"
    START WITH 1
    INCREMENT BY 1
    NO MINVALUE
    NO MAXVALUE
    CACHE 1
);


--
-- Name: PaymentAnalytics; Type: TABLE; Schema: public; Owner: yess_user
--

CREATE TABLE public."PaymentAnalytics" (
    "Id" integer NOT NULL,
    "Date" timestamp with time zone NOT NULL,
    "BankCardCount" integer NOT NULL,
    "BankCardAmount" numeric(10,2) NOT NULL,
    "ElsomCount" integer NOT NULL,
    "ElsomAmount" numeric(10,2) NOT NULL,
    "MobileBalanceCount" integer NOT NULL,
    "MobileBalanceAmount" numeric(10,2) NOT NULL,
    "ElkartCount" integer NOT NULL,
    "ElkartAmount" numeric(10,2) NOT NULL,
    "CashTerminalCount" integer NOT NULL,
    "CashTerminalAmount" numeric(10,2) NOT NULL,
    "BankTransferCount" integer NOT NULL,
    "BankTransferAmount" numeric(10,2) NOT NULL,
    "TotalTransactions" integer NOT NULL,
    "TotalAmount" numeric(10,2) NOT NULL,
    "TotalCommission" numeric(10,2) NOT NULL,
    "SuccessfulTransactions" integer NOT NULL,
    "FailedTransactions" integer NOT NULL,
    "CreatedAt" timestamp with time zone NOT NULL,
    "UpdatedAt" timestamp with time zone NOT NULL
);


ALTER TABLE public."PaymentAnalytics" OWNER TO yess_user;

--
-- Name: PaymentAnalytics_Id_seq; Type: SEQUENCE; Schema: public; Owner: yess_user
--

ALTER TABLE public."PaymentAnalytics" ALTER COLUMN "Id" ADD GENERATED BY DEFAULT AS IDENTITY (
    SEQUENCE NAME public."PaymentAnalytics_Id_seq"
    START WITH 1
    INCREMENT BY 1
    NO MINVALUE
    NO MAXVALUE
    CACHE 1
);


--
-- Name: PaymentMethods; Type: TABLE; Schema: public; Owner: yess_user
--

CREATE TABLE public."PaymentMethods" (
    "Id" integer NOT NULL,
    "Code" character varying(50) NOT NULL,
    "Name" character varying(100) NOT NULL,
    "NameKy" character varying(100),
    "NameEn" character varying(100),
    "CommissionRate" numeric(5,2) NOT NULL,
    "MinCommission" numeric(10,2) NOT NULL,
    "MaxCommission" numeric(10,2),
    "MinAmount" numeric(10,2) NOT NULL,
    "MaxAmount" numeric(10,2) NOT NULL,
    "IsActive" boolean NOT NULL,
    "IsInstant" boolean NOT NULL,
    "ProcessingTimeMinutes" integer NOT NULL,
    "CreatedAt" timestamp with time zone NOT NULL,
    "UpdatedAt" timestamp with time zone NOT NULL
);


ALTER TABLE public."PaymentMethods" OWNER TO yess_user;

--
-- Name: PaymentMethods_Id_seq; Type: SEQUENCE; Schema: public; Owner: yess_user
--

ALTER TABLE public."PaymentMethods" ALTER COLUMN "Id" ADD GENERATED BY DEFAULT AS IDENTITY (
    SEQUENCE NAME public."PaymentMethods_Id_seq"
    START WITH 1
    INCREMENT BY 1
    NO MINVALUE
    NO MAXVALUE
    CACHE 1
);


--
-- Name: PaymentProviderTransactions; Type: TABLE; Schema: public; Owner: yess_user
--

CREATE TABLE public."PaymentProviderTransactions" (
    "Id" integer NOT NULL,
    "Qid" character varying(20) NOT NULL,
    "Provider" character varying(50) NOT NULL,
    "OperationType" character varying(10) NOT NULL,
    "Account" character varying(100),
    "Amount" numeric(10,2),
    "TxnDate" character varying(14),
    "Status" character varying(50) NOT NULL,
    "ErrorCode" character varying(10),
    "ErrorMessage" text,
    "AccountStatus" character varying(20),
    "AccountName" character varying(255),
    "AccountBalance" numeric(10,2),
    "PaymentStatus" character varying(20),
    "PaymentId" character varying(100),
    "InternalTransactionId" integer,
    "RawRequest" text,
    "RawResponse" text,
    "IpAddress" character varying(45),
    "UserAgent" character varying(255),
    "IsDuplicate" boolean NOT NULL,
    "IsProcessed" boolean NOT NULL,
    "CreatedAt" timestamp with time zone NOT NULL,
    "ProcessedAt" timestamp with time zone,
    "UpdatedAt" timestamp with time zone NOT NULL
);


ALTER TABLE public."PaymentProviderTransactions" OWNER TO yess_user;

--
-- Name: PaymentProviderTransactions_Id_seq; Type: SEQUENCE; Schema: public; Owner: yess_user
--

ALTER TABLE public."PaymentProviderTransactions" ALTER COLUMN "Id" ADD GENERATED BY DEFAULT AS IDENTITY (
    SEQUENCE NAME public."PaymentProviderTransactions_Id_seq"
    START WITH 1
    INCREMENT BY 1
    NO MINVALUE
    NO MAXVALUE
    CACHE 1
);


--
-- Name: PromoCodes; Type: TABLE; Schema: public; Owner: yess_user
--

CREATE TABLE public."PromoCodes" (
    "Id" integer NOT NULL,
    "Code" text NOT NULL,
    "PromotionId" integer,
    "PartnerId" integer,
    "ValidUntil" timestamp with time zone,
    "IsActive" boolean NOT NULL,
    "CreatedAt" timestamp with time zone NOT NULL
);


ALTER TABLE public."PromoCodes" OWNER TO yess_user;

--
-- Name: PromoCodes_Id_seq; Type: SEQUENCE; Schema: public; Owner: yess_user
--

ALTER TABLE public."PromoCodes" ALTER COLUMN "Id" ADD GENERATED BY DEFAULT AS IDENTITY (
    SEQUENCE NAME public."PromoCodes_Id_seq"
    START WITH 1
    INCREMENT BY 1
    NO MINVALUE
    NO MAXVALUE
    CACHE 1
);


--
-- Name: PromotionUsages; Type: TABLE; Schema: public; Owner: yess_user
--

CREATE TABLE public."PromotionUsages" (
    "Id" integer NOT NULL,
    "PromotionId" integer NOT NULL,
    "UserId" integer NOT NULL,
    "UsedAt" timestamp with time zone NOT NULL
);


ALTER TABLE public."PromotionUsages" OWNER TO yess_user;

--
-- Name: PromotionUsages_Id_seq; Type: SEQUENCE; Schema: public; Owner: yess_user
--

ALTER TABLE public."PromotionUsages" ALTER COLUMN "Id" ADD GENERATED BY DEFAULT AS IDENTITY (
    SEQUENCE NAME public."PromotionUsages_Id_seq"
    START WITH 1
    INCREMENT BY 1
    NO MINVALUE
    NO MAXVALUE
    CACHE 1
);


--
-- Name: Promotions; Type: TABLE; Schema: public; Owner: yess_user
--

CREATE TABLE public."Promotions" (
    "Id" integer NOT NULL,
    "PartnerId" integer NOT NULL,
    "Title" character varying(255) NOT NULL,
    "Description" text,
    "ValidUntil" timestamp with time zone,
    "IsActive" boolean NOT NULL,
    "CreatedAt" timestamp with time zone NOT NULL,
    "DiscountAmount" numeric,
    "DiscountPercent" numeric,
    "EndDate" timestamp with time zone,
    "MaxDiscountAmount" numeric,
    "MinOrderAmount" numeric,
    "StartDate" timestamp with time zone,
    "UpdatedAt" timestamp with time zone DEFAULT '-infinity'::timestamp with time zone NOT NULL,
    "UsageCount" integer DEFAULT 0 NOT NULL,
    "UsageLimit" integer,
    "UsageLimitPerUser" integer
);


ALTER TABLE public."Promotions" OWNER TO yess_user;

--
-- Name: Promotions_Id_seq; Type: SEQUENCE; Schema: public; Owner: yess_user
--

ALTER TABLE public."Promotions" ALTER COLUMN "Id" ADD GENERATED BY DEFAULT AS IDENTITY (
    SEQUENCE NAME public."Promotions_Id_seq"
    START WITH 1
    INCREMENT BY 1
    NO MINVALUE
    NO MAXVALUE
    CACHE 1
);


--
-- Name: ReconciliationReports; Type: TABLE; Schema: public; Owner: yess_user
--

CREATE TABLE public."ReconciliationReports" (
    "Id" integer NOT NULL,
    "ReportDate" timestamp with time zone NOT NULL,
    "GeneratedAt" timestamp with time zone NOT NULL,
    "EmailAddress" character varying(255),
    "SentAt" timestamp with time zone,
    "Status" character varying(20) NOT NULL,
    "ErrorMessage" text,
    "PaymentCount" integer NOT NULL,
    "TotalAmount" numeric(10,2) NOT NULL,
    "Content" text,
    "CreatedAt" timestamp with time zone NOT NULL,
    "UpdatedAt" timestamp with time zone NOT NULL
);


ALTER TABLE public."ReconciliationReports" OWNER TO yess_user;

--
-- Name: ReconciliationReports_Id_seq; Type: SEQUENCE; Schema: public; Owner: yess_user
--

ALTER TABLE public."ReconciliationReports" ALTER COLUMN "Id" ADD GENERATED BY DEFAULT AS IDENTITY (
    SEQUENCE NAME public."ReconciliationReports_Id_seq"
    START WITH 1
    INCREMENT BY 1
    NO MINVALUE
    NO MAXVALUE
    CACHE 1
);


--
-- Name: Refunds; Type: TABLE; Schema: public; Owner: yess_user
--

CREATE TABLE public."Refunds" (
    "Id" integer NOT NULL,
    "TransactionId" integer NOT NULL,
    "UserId" integer NOT NULL,
    "Amount" numeric(10,2) NOT NULL,
    "Reason" text NOT NULL,
    "Status" character varying(50) NOT NULL,
    "CreatedAt" timestamp with time zone NOT NULL,
    "ProcessedAt" timestamp with time zone,
    "AdminNotes" text,
    "GatewayRefundId" character varying(255)
);


ALTER TABLE public."Refunds" OWNER TO yess_user;

--
-- Name: Refunds_Id_seq; Type: SEQUENCE; Schema: public; Owner: yess_user
--

ALTER TABLE public."Refunds" ALTER COLUMN "Id" ADD GENERATED BY DEFAULT AS IDENTITY (
    SEQUENCE NAME public."Refunds_Id_seq"
    START WITH 1
    INCREMENT BY 1
    NO MINVALUE
    NO MAXVALUE
    CACHE 1
);


--
-- Name: Roles; Type: TABLE; Schema: public; Owner: yess_user
--

CREATE TABLE public."Roles" (
    "Id" integer NOT NULL,
    "Code" character varying(50) NOT NULL,
    "Title" character varying(100),
    "Name" character varying(100) NOT NULL,
    "Description" character varying(255)
);


ALTER TABLE public."Roles" OWNER TO yess_user;

--
-- Name: Roles_Id_seq; Type: SEQUENCE; Schema: public; Owner: yess_user
--

ALTER TABLE public."Roles" ALTER COLUMN "Id" ADD GENERATED BY DEFAULT AS IDENTITY (
    SEQUENCE NAME public."Roles_Id_seq"
    START WITH 1
    INCREMENT BY 1
    NO MINVALUE
    NO MAXVALUE
    CACHE 1
);


--
-- Name: Stories; Type: TABLE; Schema: public; Owner: yess_user
--

CREATE TABLE public."Stories" (
    "Id" integer NOT NULL,
    "PartnerId" integer,
    "Title" character varying(255),
    "ImageUrl" character varying(500),
    "Content" text,
    "ExpiresAt" timestamp with time zone,
    "IsActive" boolean NOT NULL,
    "CreatedAt" timestamp with time zone NOT NULL
);


ALTER TABLE public."Stories" OWNER TO yess_user;

--
-- Name: Stories_Id_seq; Type: SEQUENCE; Schema: public; Owner: yess_user
--

ALTER TABLE public."Stories" ALTER COLUMN "Id" ADD GENERATED BY DEFAULT AS IDENTITY (
    SEQUENCE NAME public."Stories_Id_seq"
    START WITH 1
    INCREMENT BY 1
    NO MINVALUE
    NO MAXVALUE
    CACHE 1
);


--
-- Name: StoryClicks; Type: TABLE; Schema: public; Owner: yess_user
--

CREATE TABLE public."StoryClicks" (
    "Id" integer NOT NULL,
    "StoryId" integer NOT NULL,
    "UserId" integer NOT NULL,
    "ClickedAt" timestamp with time zone NOT NULL
);


ALTER TABLE public."StoryClicks" OWNER TO yess_user;

--
-- Name: StoryClicks_Id_seq; Type: SEQUENCE; Schema: public; Owner: yess_user
--

ALTER TABLE public."StoryClicks" ALTER COLUMN "Id" ADD GENERATED BY DEFAULT AS IDENTITY (
    SEQUENCE NAME public."StoryClicks_Id_seq"
    START WITH 1
    INCREMENT BY 1
    NO MINVALUE
    NO MAXVALUE
    CACHE 1
);


--
-- Name: StoryViews; Type: TABLE; Schema: public; Owner: yess_user
--

CREATE TABLE public."StoryViews" (
    "Id" integer NOT NULL,
    "StoryId" integer NOT NULL,
    "UserId" integer NOT NULL,
    "ViewedAt" timestamp with time zone NOT NULL
);


ALTER TABLE public."StoryViews" OWNER TO yess_user;

--
-- Name: StoryViews_Id_seq; Type: SEQUENCE; Schema: public; Owner: yess_user
--

ALTER TABLE public."StoryViews" ALTER COLUMN "Id" ADD GENERATED BY DEFAULT AS IDENTITY (
    SEQUENCE NAME public."StoryViews_Id_seq"
    START WITH 1
    INCREMENT BY 1
    NO MINVALUE
    NO MAXVALUE
    CACHE 1
);


--
-- Name: UserAchievements; Type: TABLE; Schema: public; Owner: yess_user
--

CREATE TABLE public."UserAchievements" (
    "Id" integer NOT NULL,
    "UserId" integer NOT NULL,
    "AchievementId" integer NOT NULL,
    "UnlockedAt" timestamp with time zone NOT NULL
);


ALTER TABLE public."UserAchievements" OWNER TO yess_user;

--
-- Name: UserAchievements_Id_seq; Type: SEQUENCE; Schema: public; Owner: yess_user
--

ALTER TABLE public."UserAchievements" ALTER COLUMN "Id" ADD GENERATED BY DEFAULT AS IDENTITY (
    SEQUENCE NAME public."UserAchievements_Id_seq"
    START WITH 1
    INCREMENT BY 1
    NO MINVALUE
    NO MAXVALUE
    CACHE 1
);


--
-- Name: UserLevelRewards; Type: TABLE; Schema: public; Owner: yess_user
--

CREATE TABLE public."UserLevelRewards" (
    "Id" integer NOT NULL,
    "UserId" integer NOT NULL,
    "LevelRewardId" integer NOT NULL,
    "ClaimedAt" timestamp with time zone NOT NULL
);


ALTER TABLE public."UserLevelRewards" OWNER TO yess_user;

--
-- Name: UserLevelRewards_Id_seq; Type: SEQUENCE; Schema: public; Owner: yess_user
--

ALTER TABLE public."UserLevelRewards" ALTER COLUMN "Id" ADD GENERATED BY DEFAULT AS IDENTITY (
    SEQUENCE NAME public."UserLevelRewards_Id_seq"
    START WITH 1
    INCREMENT BY 1
    NO MINVALUE
    NO MAXVALUE
    CACHE 1
);


--
-- Name: UserLevels; Type: TABLE; Schema: public; Owner: yess_user
--

CREATE TABLE public."UserLevels" (
    "Id" integer NOT NULL,
    "UserId" integer NOT NULL,
    "Level" integer NOT NULL,
    "Experience" numeric NOT NULL,
    "UpdatedAt" timestamp with time zone NOT NULL
);


ALTER TABLE public."UserLevels" OWNER TO yess_user;

--
-- Name: UserLevels_Id_seq; Type: SEQUENCE; Schema: public; Owner: yess_user
--

ALTER TABLE public."UserLevels" ALTER COLUMN "Id" ADD GENERATED BY DEFAULT AS IDENTITY (
    SEQUENCE NAME public."UserLevels_Id_seq"
    START WITH 1
    INCREMENT BY 1
    NO MINVALUE
    NO MAXVALUE
    CACHE 1
);


--
-- Name: UserPromoCodes; Type: TABLE; Schema: public; Owner: yess_user
--

CREATE TABLE public."UserPromoCodes" (
    "Id" integer NOT NULL,
    "UserId" integer NOT NULL,
    "PromoCodeId" integer NOT NULL,
    "UsedAt" timestamp with time zone NOT NULL
);


ALTER TABLE public."UserPromoCodes" OWNER TO yess_user;

--
-- Name: UserPromoCodes_Id_seq; Type: SEQUENCE; Schema: public; Owner: yess_user
--

ALTER TABLE public."UserPromoCodes" ALTER COLUMN "Id" ADD GENERATED BY DEFAULT AS IDENTITY (
    SEQUENCE NAME public."UserPromoCodes_Id_seq"
    START WITH 1
    INCREMENT BY 1
    NO MINVALUE
    NO MAXVALUE
    CACHE 1
);


--
-- Name: UserRoles; Type: TABLE; Schema: public; Owner: yess_user
--

CREATE TABLE public."UserRoles" (
    "Id" integer NOT NULL,
    "UserId" integer NOT NULL,
    "RoleId" integer NOT NULL
);


ALTER TABLE public."UserRoles" OWNER TO yess_user;

--
-- Name: UserRoles_Id_seq; Type: SEQUENCE; Schema: public; Owner: yess_user
--

ALTER TABLE public."UserRoles" ALTER COLUMN "Id" ADD GENERATED BY DEFAULT AS IDENTITY (
    SEQUENCE NAME public."UserRoles_Id_seq"
    START WITH 1
    INCREMENT BY 1
    NO MINVALUE
    NO MAXVALUE
    CACHE 1
);


--
-- Name: __EFMigrationsHistory; Type: TABLE; Schema: public; Owner: yess_user
--

CREATE TABLE public."__EFMigrationsHistory" (
    "MigrationId" character varying(150) NOT NULL,
    "ProductVersion" character varying(32) NOT NULL
);


ALTER TABLE public."__EFMigrationsHistory" OWNER TO yess_user;

--
-- Name: orders; Type: TABLE; Schema: public; Owner: yess_user
--

CREATE TABLE public.orders (
    "Id" integer NOT NULL,
    "UserId" integer NOT NULL,
    "PartnerId" integer NOT NULL,
    "OrderTotal" numeric(10,2) NOT NULL,
    "Discount" numeric(10,2) NOT NULL,
    "CashbackAmount" numeric(10,2) NOT NULL,
    "FinalAmount" numeric(10,2) NOT NULL,
    "Status" integer NOT NULL,
    "DeliveryAddress" character varying(500),
    "DeliveryType" character varying(50) NOT NULL,
    "DeliveryNotes" text,
    "TransactionId" integer,
    "PaymentMethod" character varying(50),
    "PaymentStatus" character varying(50) NOT NULL,
    "IdempotencyKey" character varying(255) NOT NULL,
    "CreatedAt" timestamp with time zone NOT NULL,
    "PaidAt" timestamp with time zone,
    "CompletedAt" timestamp with time zone,
    "CancelledAt" timestamp with time zone,
    CONSTRAINT check_discount_not_exceeds_total CHECK (("Discount" <= "OrderTotal")),
    CONSTRAINT check_positive_cashback CHECK (("CashbackAmount" >= (0)::numeric)),
    CONSTRAINT check_positive_discount CHECK (("Discount" >= (0)::numeric)),
    CONSTRAINT check_positive_final CHECK (("FinalAmount" >= (0)::numeric)),
    CONSTRAINT check_positive_total CHECK (("OrderTotal" >= (0)::numeric))
);


ALTER TABLE public.orders OWNER TO yess_user;

--
-- Name: orders_Id_seq; Type: SEQUENCE; Schema: public; Owner: yess_user
--

ALTER TABLE public.orders ALTER COLUMN "Id" ADD GENERATED BY DEFAULT AS IDENTITY (
    SEQUENCE NAME public."orders_Id_seq"
    START WITH 1
    INCREMENT BY 1
    NO MINVALUE
    NO MAXVALUE
    CACHE 1
);


--
-- Name: partner_products; Type: TABLE; Schema: public; Owner: yess_user
--

CREATE TABLE public.partner_products (
    "Id" integer NOT NULL,
    "PartnerId" integer NOT NULL,
    "Name" character varying(200) NOT NULL,
    "NameKg" character varying(200),
    "NameRu" character varying(200),
    "Description" text,
    "DescriptionKg" text,
    "DescriptionRu" text,
    "Price" numeric(10,2) NOT NULL,
    "Category" character varying(50),
    "ImageUrl" character varying(500),
    "Images" jsonb,
    "IsAvailable" boolean NOT NULL,
    "StockQuantity" integer,
    "Sku" character varying(100),
    "Weight" numeric(8,2),
    "Volume" numeric(8,2),
    "DiscountPercent" numeric(5,2) NOT NULL,
    "OriginalPrice" numeric(10,2),
    "SortOrder" integer NOT NULL,
    "CreatedAt" timestamp with time zone NOT NULL,
    "UpdatedAt" timestamp with time zone NOT NULL
);


ALTER TABLE public.partner_products OWNER TO yess_user;

--
-- Name: partner_products_Id_seq; Type: SEQUENCE; Schema: public; Owner: yess_user
--

ALTER TABLE public.partner_products ALTER COLUMN "Id" ADD GENERATED BY DEFAULT AS IDENTITY (
    SEQUENCE NAME public."partner_products_Id_seq"
    START WITH 1
    INCREMENT BY 1
    NO MINVALUE
    NO MAXVALUE
    CACHE 1
);


--
-- Name: partners; Type: TABLE; Schema: public; Owner: yess_user
--

CREATE TABLE public.partners (
    "Id" integer NOT NULL,
    "Name" character varying(255) NOT NULL,
    "Description" text,
    "Category" character varying(100),
    "CityId" integer,
    "LogoUrl" character varying(500),
    "CoverImageUrl" character varying(500),
    "QrCodeUrl" character varying(500),
    "Phone" character varying(50),
    "Email" character varying(255),
    "Website" character varying(500),
    "SocialMedia" public.hstore,
    "BankAccount" character varying(100),
    "MaxDiscountPercent" numeric(5,2) NOT NULL,
    "CashbackRate" numeric(5,2) NOT NULL,
    "DefaultCashbackRate" numeric(5,2) NOT NULL,
    "OwnerId" integer,
    "IsActive" boolean NOT NULL,
    "IsVerified" boolean NOT NULL,
    "Latitude" double precision,
    "Longitude" double precision,
    "CreatedAt" timestamp with time zone NOT NULL,
    "UpdatedAt" timestamp with time zone NOT NULL,
    CONSTRAINT check_cashback_range CHECK ((("CashbackRate" >= (0)::numeric) AND ("CashbackRate" <= (100)::numeric))),
    CONSTRAINT check_discount_range CHECK ((("MaxDiscountPercent" >= (0)::numeric) AND ("MaxDiscountPercent" <= (100)::numeric)))
);


ALTER TABLE public.partners OWNER TO yess_user;

--
-- Name: partners_Id_seq; Type: SEQUENCE; Schema: public; Owner: yess_user
--

ALTER TABLE public.partners ALTER COLUMN "Id" ADD GENERATED BY DEFAULT AS IDENTITY (
    SEQUENCE NAME public."partners_Id_seq"
    START WITH 1
    INCREMENT BY 1
    NO MINVALUE
    NO MAXVALUE
    CACHE 1
);


--
-- Name: transactions; Type: TABLE; Schema: public; Owner: yess_user
--

CREATE TABLE public.transactions (
    "Id" integer NOT NULL,
    "UserId" integer NOT NULL,
    "PartnerId" integer,
    "Type" character varying(50) NOT NULL,
    "Amount" numeric(10,2) NOT NULL,
    "Commission" numeric(10,2) NOT NULL,
    "PaymentMethod" character varying(50),
    "GatewayTransactionId" character varying(255),
    "ErrorMessage" text,
    "ProcessedAt" timestamp with time zone,
    "BalanceBefore" numeric(10,2),
    "BalanceAfter" numeric(10,2),
    "Status" character varying(50) NOT NULL,
    "PaymentUrl" character varying(500),
    "QrCodeData" text,
    "YescoinUsed" numeric(10,2) NOT NULL,
    "YescoinEarned" numeric(10,2) NOT NULL,
    "Description" text,
    "CreatedAt" timestamp with time zone NOT NULL,
    "CompletedAt" timestamp with time zone,
    CONSTRAINT check_positive_amount CHECK (("Amount" > (0)::numeric))
);


ALTER TABLE public.transactions OWNER TO yess_user;

--
-- Name: transactions_Id_seq; Type: SEQUENCE; Schema: public; Owner: yess_user
--

ALTER TABLE public.transactions ALTER COLUMN "Id" ADD GENERATED BY DEFAULT AS IDENTITY (
    SEQUENCE NAME public."transactions_Id_seq"
    START WITH 1
    INCREMENT BY 1
    NO MINVALUE
    NO MAXVALUE
    CACHE 1
);


--
-- Name: users; Type: TABLE; Schema: public; Owner: yess_user
--

CREATE TABLE public.users (
    "Id" integer NOT NULL,
    "Name" text,
    "FirstName" text,
    "LastName" text,
    "Email" character varying(255) NOT NULL,
    "Phone" character varying(50) NOT NULL,
    "PasswordHash" text,
    "AvatarUrl" character varying(500),
    "Bio" text,
    "Address" character varying(500),
    "PhoneVerified" boolean NOT NULL,
    "EmailVerified" boolean NOT NULL,
    "VerificationCode" character varying(10),
    "VerificationExpiresAt" timestamp with time zone,
    "DeviceTokens" jsonb DEFAULT '[]'::jsonb NOT NULL,
    "PushEnabled" boolean NOT NULL,
    "SmsEnabled" boolean NOT NULL,
    "CityId" integer,
    "Latitude" character varying(50),
    "Longitude" character varying(50),
    "ReferralCode" character varying(50),
    "ReferredBy" integer,
    "IsActive" boolean NOT NULL,
    "IsBlocked" boolean NOT NULL,
    "LastLoginAt" timestamp with time zone,
    "CreatedAt" timestamp with time zone NOT NULL,
    "UpdatedAt" timestamp with time zone NOT NULL
);


ALTER TABLE public.users OWNER TO yess_user;

--
-- Name: users_Id_seq; Type: SEQUENCE; Schema: public; Owner: yess_user
--

ALTER TABLE public.users ALTER COLUMN "Id" ADD GENERATED BY DEFAULT AS IDENTITY (
    SEQUENCE NAME public."users_Id_seq"
    START WITH 1
    INCREMENT BY 1
    NO MINVALUE
    NO MAXVALUE
    CACHE 1
);


--
-- Name: wallets; Type: TABLE; Schema: public; Owner: yess_user
--

CREATE TABLE public.wallets (
    "Id" integer NOT NULL,
    "UserId" integer NOT NULL,
    "Balance" numeric(10,2) NOT NULL,
    "YescoinBalance" numeric(10,2) NOT NULL,
    "TotalEarned" numeric(10,2) NOT NULL,
    "TotalSpent" numeric(10,2) NOT NULL,
    "LastUpdated" timestamp with time zone NOT NULL,
    CONSTRAINT check_positive_balance CHECK (("Balance" >= (0)::numeric)),
    CONSTRAINT check_positive_total_earned CHECK (("TotalEarned" >= (0)::numeric)),
    CONSTRAINT check_positive_total_spent CHECK (("TotalSpent" >= (0)::numeric)),
    CONSTRAINT check_positive_yescoin_balance CHECK (("YescoinBalance" >= (0)::numeric))
);


ALTER TABLE public.wallets OWNER TO yess_user;

--
-- Name: wallets_Id_seq; Type: SEQUENCE; Schema: public; Owner: yess_user
--

ALTER TABLE public.wallets ALTER COLUMN "Id" ADD GENERATED BY DEFAULT AS IDENTITY (
    SEQUENCE NAME public."wallets_Id_seq"
    START WITH 1
    INCREMENT BY 1
    NO MINVALUE
    NO MAXVALUE
    CACHE 1
);


--
-- Data for Name: AchievementProgresses; Type: TABLE DATA; Schema: public; Owner: yess_user
--

COPY public."AchievementProgresses" ("Id", "UserId", "AchievementId", "Progress", "UpdatedAt") FROM stdin;
\.


--
-- Data for Name: Achievements; Type: TABLE DATA; Schema: public; Owner: yess_user
--

COPY public."Achievements" ("Id", "Name", "Description", "CreatedAt") FROM stdin;
\.


--
-- Data for Name: AdminUsers; Type: TABLE DATA; Schema: public; Owner: yess_user
--

COPY public."AdminUsers" ("Id", "Username", "Email", "PasswordHash", "Role", "IsActive", "CreatedAt", "UpdatedAt") FROM stdin;
\.


--
-- Data for Name: Cities; Type: TABLE DATA; Schema: public; Owner: yess_user
--

COPY public."Cities" ("Id", "Name", "NameKg", "NameRu", "NameEn", "Region", "Latitude", "Longitude", "Population", "IsCapital") FROM stdin;
\.


--
-- Data for Name: LevelRewards; Type: TABLE DATA; Schema: public; Owner: yess_user
--

COPY public."LevelRewards" ("Id", "Level", "RewardType", "RewardValue") FROM stdin;
\.


--
-- Data for Name: NotificationLogs; Type: TABLE DATA; Schema: public; Owner: yess_user
--

COPY public."NotificationLogs" ("Id", "UserId", "Channel", "Recipient", "Subject", "Content", "Status", "ErrorMessage", "CreatedAt", "SentAt") FROM stdin;
\.


--
-- Data for Name: NotificationSettings; Type: TABLE DATA; Schema: public; Owner: yess_user
--

COPY public."NotificationSettings" ("Id", "UserId", "PushEnabled", "EmailEnabled", "SmsEnabled") FROM stdin;
\.


--
-- Data for Name: NotificationTemplates; Type: TABLE DATA; Schema: public; Owner: yess_user
--

COPY public."NotificationTemplates" ("Id", "Code", "Title", "Body") FROM stdin;
\.


--
-- Data for Name: Notifications; Type: TABLE DATA; Schema: public; Owner: yess_user
--

COPY public."Notifications" ("Id", "UserId", "Title", "Body", "Type", "IsRead", "CreatedAt") FROM stdin;
\.


--
-- Data for Name: OrderItems; Type: TABLE DATA; Schema: public; Owner: yess_user
--

COPY public."OrderItems" ("Id", "OrderId", "ProductId", "ProductName", "ProductPrice", "Quantity", "Subtotal", "Notes", "CreatedAt") FROM stdin;
\.


--
-- Data for Name: PartnerEmployees; Type: TABLE DATA; Schema: public; Owner: yess_user
--

COPY public."PartnerEmployees" ("Id", "PartnerId", "UserId", "Position", "HiredAt") FROM stdin;
\.


--
-- Data for Name: PartnerLocations; Type: TABLE DATA; Schema: public; Owner: yess_user
--

COPY public."PartnerLocations" ("Id", "PartnerId", "Address", "Latitude", "Longitude", "PhoneNumber", "WorkingHours", "IsActive", "IsMainLocation", "CreatedAt", "UpdatedAt") FROM stdin;
\.


--
-- Data for Name: PaymentAnalytics; Type: TABLE DATA; Schema: public; Owner: yess_user
--

COPY public."PaymentAnalytics" ("Id", "Date", "BankCardCount", "BankCardAmount", "ElsomCount", "ElsomAmount", "MobileBalanceCount", "MobileBalanceAmount", "ElkartCount", "ElkartAmount", "CashTerminalCount", "CashTerminalAmount", "BankTransferCount", "BankTransferAmount", "TotalTransactions", "TotalAmount", "TotalCommission", "SuccessfulTransactions", "FailedTransactions", "CreatedAt", "UpdatedAt") FROM stdin;
\.


--
-- Data for Name: PaymentMethods; Type: TABLE DATA; Schema: public; Owner: yess_user
--

COPY public."PaymentMethods" ("Id", "Code", "Name", "NameKy", "NameEn", "CommissionRate", "MinCommission", "MaxCommission", "MinAmount", "MaxAmount", "IsActive", "IsInstant", "ProcessingTimeMinutes", "CreatedAt", "UpdatedAt") FROM stdin;
\.


--
-- Data for Name: PaymentProviderTransactions; Type: TABLE DATA; Schema: public; Owner: yess_user
--

COPY public."PaymentProviderTransactions" ("Id", "Qid", "Provider", "OperationType", "Account", "Amount", "TxnDate", "Status", "ErrorCode", "ErrorMessage", "AccountStatus", "AccountName", "AccountBalance", "PaymentStatus", "PaymentId", "InternalTransactionId", "RawRequest", "RawResponse", "IpAddress", "UserAgent", "IsDuplicate", "IsProcessed", "CreatedAt", "ProcessedAt", "UpdatedAt") FROM stdin;
\.


--
-- Data for Name: PromoCodes; Type: TABLE DATA; Schema: public; Owner: yess_user
--

COPY public."PromoCodes" ("Id", "Code", "PromotionId", "PartnerId", "ValidUntil", "IsActive", "CreatedAt") FROM stdin;
\.


--
-- Data for Name: PromotionUsages; Type: TABLE DATA; Schema: public; Owner: yess_user
--

COPY public."PromotionUsages" ("Id", "PromotionId", "UserId", "UsedAt") FROM stdin;
\.


--
-- Data for Name: Promotions; Type: TABLE DATA; Schema: public; Owner: yess_user
--

COPY public."Promotions" ("Id", "PartnerId", "Title", "Description", "ValidUntil", "IsActive", "CreatedAt", "DiscountAmount", "DiscountPercent", "EndDate", "MaxDiscountAmount", "MinOrderAmount", "StartDate", "UpdatedAt", "UsageCount", "UsageLimit", "UsageLimitPerUser") FROM stdin;
\.


--
-- Data for Name: ReconciliationReports; Type: TABLE DATA; Schema: public; Owner: yess_user
--

COPY public."ReconciliationReports" ("Id", "ReportDate", "GeneratedAt", "EmailAddress", "SentAt", "Status", "ErrorMessage", "PaymentCount", "TotalAmount", "Content", "CreatedAt", "UpdatedAt") FROM stdin;
\.


--
-- Data for Name: Refunds; Type: TABLE DATA; Schema: public; Owner: yess_user
--

COPY public."Refunds" ("Id", "TransactionId", "UserId", "Amount", "Reason", "Status", "CreatedAt", "ProcessedAt", "AdminNotes", "GatewayRefundId") FROM stdin;
\.


--
-- Data for Name: Roles; Type: TABLE DATA; Schema: public; Owner: yess_user
--

COPY public."Roles" ("Id", "Code", "Title", "Name", "Description") FROM stdin;
\.


--
-- Data for Name: Stories; Type: TABLE DATA; Schema: public; Owner: yess_user
--

COPY public."Stories" ("Id", "PartnerId", "Title", "ImageUrl", "Content", "ExpiresAt", "IsActive", "CreatedAt") FROM stdin;
\.


--
-- Data for Name: StoryClicks; Type: TABLE DATA; Schema: public; Owner: yess_user
--

COPY public."StoryClicks" ("Id", "StoryId", "UserId", "ClickedAt") FROM stdin;
\.


--
-- Data for Name: StoryViews; Type: TABLE DATA; Schema: public; Owner: yess_user
--

COPY public."StoryViews" ("Id", "StoryId", "UserId", "ViewedAt") FROM stdin;
\.


--
-- Data for Name: UserAchievements; Type: TABLE DATA; Schema: public; Owner: yess_user
--

COPY public."UserAchievements" ("Id", "UserId", "AchievementId", "UnlockedAt") FROM stdin;
\.


--
-- Data for Name: UserLevelRewards; Type: TABLE DATA; Schema: public; Owner: yess_user
--

COPY public."UserLevelRewards" ("Id", "UserId", "LevelRewardId", "ClaimedAt") FROM stdin;
\.


--
-- Data for Name: UserLevels; Type: TABLE DATA; Schema: public; Owner: yess_user
--

COPY public."UserLevels" ("Id", "UserId", "Level", "Experience", "UpdatedAt") FROM stdin;
\.


--
-- Data for Name: UserPromoCodes; Type: TABLE DATA; Schema: public; Owner: yess_user
--

COPY public."UserPromoCodes" ("Id", "UserId", "PromoCodeId", "UsedAt") FROM stdin;
\.


--
-- Data for Name: UserRoles; Type: TABLE DATA; Schema: public; Owner: yess_user
--

COPY public."UserRoles" ("Id", "UserId", "RoleId") FROM stdin;
\.


--
-- Data for Name: __EFMigrationsHistory; Type: TABLE DATA; Schema: public; Owner: yess_user
--

COPY public."__EFMigrationsHistory" ("MigrationId", "ProductVersion") FROM stdin;
20251122144127_InitialCreate	9.0.0
20251126061431_AddReconciliationReport	9.0.0
20251211162537_SyncModel	9.0.0
20251211164530_FixEfRelationships	9.0.0
20251211164821_FinalFixEfRelationships	9.0.0
20251211164942_DebugModelDiff	9.0.0
\.


--
-- Data for Name: orders; Type: TABLE DATA; Schema: public; Owner: yess_user
--

COPY public.orders ("Id", "UserId", "PartnerId", "OrderTotal", "Discount", "CashbackAmount", "FinalAmount", "Status", "DeliveryAddress", "DeliveryType", "DeliveryNotes", "TransactionId", "PaymentMethod", "PaymentStatus", "IdempotencyKey", "CreatedAt", "PaidAt", "CompletedAt", "CancelledAt") FROM stdin;
1	12	5	0.00	0.00	0.00	0.00	0	Timiriazeva	pickup	\N	\N	\N	pending	e27b2fb4ce2739cfc6e762e6b0e6606cbf5c9f7c844aace27324fd2b1d43addd	2025-12-15 14:46:39.316347+00	\N	\N	\N
\.


--
-- Data for Name: partner_products; Type: TABLE DATA; Schema: public; Owner: yess_user
--

COPY public.partner_products ("Id", "PartnerId", "Name", "NameKg", "NameRu", "Description", "DescriptionKg", "DescriptionRu", "Price", "Category", "ImageUrl", "Images", "IsAvailable", "StockQuantity", "Sku", "Weight", "Volume", "DiscountPercent", "OriginalPrice", "SortOrder", "CreatedAt", "UpdatedAt") FROM stdin;
83	5	Konka 40YR530W	\N	\N	LED телевизор Konka 40YR530W, диагональ 40 дюймов.	\N	\N	12320.00	TV	https://i.postimg.cc/m1ZZh0hQ/image.jpg	[]	t	10	40YR530W	\N	\N	30.00	23408.00	2	2025-12-13 14:14:59.613933+00	2025-12-13 14:14:59.613933+00
84	5	Konka 43YR684W	\N	\N	LED телевизор Konka 43YR684W, диагональ 43 дюйма.	\N	\N	13640.00	TV	https://i.postimg.cc/0rtPcXzk/image.jpg	[]	t	10	43YR684W	\N	\N	30.00	25916.00	3	2025-12-13 14:14:59.613933+00	2025-12-13 14:14:59.613933+00
85	5	Konka 43VR700W	\N	\N	LED телевизор Konka 43VR700W, диагональ 43 дюйма.	\N	\N	18040.00	TV	https://i.postimg.cc/ZBpvrtTG/image.jpg	[]	t	10	43VR700W	\N	\N	30.00	34276.00	4	2025-12-13 14:14:59.613933+00	2025-12-13 14:14:59.613933+00
87	5	Konka 50LR730W	\N	\N	LED телевизор Konka 50LR730W, диагональ 50 дюймов.	\N	\N	23760.00	TV	https://i.postimg.cc/ZCVyK8Yj/image.jpg	[]	t	10	50LR730W	\N	\N	30.00	45144.00	6	2025-12-13 14:14:59.613933+00	2025-12-13 14:14:59.613933+00
88	5	Konka 55VR700W	\N	\N	LED телевизор Konka 55VR700W, диагональ 55 дюймов.	\N	\N	25960.00	TV	https://i.postimg.cc/Kk0yg8KZ/image.jpg	[]	t	10	55VR700W	\N	\N	30.00	49324.00	7	2025-12-13 14:14:59.613933+00	2025-12-13 14:14:59.613933+00
89	5	Konka 55LR730W	\N	\N	LED телевизор Konka 55LR730W, диагональ 55 дюймов.	\N	\N	27720.00	TV	https://i.postimg.cc/qzPHKY7B/image.jpg	[]	t	10	55LR730W	\N	\N	30.00	52668.00	8	2025-12-13 14:14:59.613933+00	2025-12-13 14:14:59.613933+00
90	5	Konka 65VR700W	\N	\N	LED телевизор Konka 65VR700W, диагональ 65 дюймов.	\N	\N	35640.00	TV	https://i.postimg.cc/qzPHKY7B/image.jpg	[]	t	10	65VR700W	\N	\N	30.00	67716.00	9	2025-12-13 14:14:59.613933+00	2025-12-13 14:14:59.613933+00
91	5	Konka 65LR730W	\N	\N	LED телевизор Konka 65LR730W, диагональ 65 дюймов.	\N	\N	44000.00	TV	https://i.postimg.cc/hXWNvdCc/image.jpg	[]	t	10	65LR730W	\N	\N	30.00	83600.00	10	2025-12-13 14:14:59.613933+00	2025-12-13 14:14:59.613933+00
92	5	Konka 75HK710W	\N	\N	LED телевизор Konka 75HK710W, диагональ 75 дюймов.	\N	\N	51040.00	TV	https://i.postimg.cc/0rtPcXzk/image.jpg	[]	t	10	75HK710W	\N	\N	30.00	96976.00	11	2025-12-13 14:14:59.613933+00	2025-12-13 14:14:59.613933+00
93	5	Konka 86VR720W	\N	\N	LED телевизор Konka 86VR720W, диагональ 86 дюймов.	\N	\N	75680.00	TV	https://i.postimg.cc/hhQCmGQf/image.jpg	[]	t	10	86VR720W	\N	\N	30.00	143792.00	12	2025-12-13 14:14:59.613933+00	2025-12-13 14:14:59.613933+00
9	4	TV 43G11	\N	\N	LED телевизор 43G11, диагональ 43 дюймов.	\N	\N	11440.00	TV	https://i.postimg.cc/QVzHYdzP/image.png	[]	t	10	43G11	\N	\N	30.00	21736.00	6	2025-12-13 09:28:54.425707+00	2025-12-13 12:44:58.363277+00
10	4	TV 43UD	\N	\N	LED телевизор 43UD, диагональ 43 дюймов.	\N	\N	11880.00	TV	https://i.postimg.cc/F1wHgnfx/image.png	[]	t	10	43UD	\N	\N	30.00	22572.00	7	2025-12-13 09:28:54.425707+00	2025-12-13 12:47:55.344194+00
11	4	TV 50UD	\N	\N	LED телевизор 50UD, диагональ 50 дюймов.	\N	\N	18040.00	TV	https://i.postimg.cc/9RrcyGcz/image.png	[]	t	10	50UD	\N	\N	30.00	34276.00	8	2025-12-13 09:28:54.425707+00	2025-12-13 12:48:27.114037+00
94	5	Konka KT65-Q809GB	\N	\N	LED телевизор Konka KT65-Q809GB, диагональ 65 дюймов.	\N	\N	61160.00	TV	https://i.postimg.cc/rdpjwyL5/image.jpg	[]	t	10	KT65-Q809GB	\N	\N	30.00	116204.00	13	2025-12-13 14:14:59.613933+00	2025-12-13 14:14:59.613933+00
16	4	TV 65G11	\N	\N	LED телевизор 65G11, диагональ 65 дюймов.	\N	\N	30800.00	TV	https://i.postimg.cc/phpnyh7n/image.png	[]	t	10	65G11	\N	\N	30.00	58520.00	13	2025-12-13 09:28:54.425707+00	2025-12-13 13:04:36.075352+00
13	4	TV 55UD	\N	\N	LED телевизор 55UD, диагональ 55 дюймов.	\N	\N	22000.00	TV	https://i.postimg.cc/xJbW0g0L/image.png	[]	t	10	55UD	\N	\N	30.00	41800.00	10	2025-12-13 09:28:54.425707+00	2025-12-13 12:50:02.744989+00
15	4	TV 65UD	\N	\N	LED телевизор 65UD, диагональ 65 дюймов.	\N	\N	29920.00	TV	https://i.postimg.cc/dkBSQfbc/image.png	[]	t	10	65UD	\N	\N	30.00	56848.00	12	2025-12-13 09:28:54.425707+00	2025-12-13 12:50:47.634334+00
19	4	TV 75UD	\N	\N	LED телевизор 75UD, диагональ 75 дюймов.	\N	\N	48400.00	TV	https://i.postimg.cc/DSnJLYHK/image.png	[]	t	10	75UD	\N	\N	30.00	91960.00	16	2025-12-13 09:28:54.425707+00	2025-12-13 12:53:31.341009+00
5	4	TV 32G11	\N	\N	LED телевизор 32G11, диагональ 32 дюйма.	\N	\N	7480.00	TV	https://i.postimg.cc/gnpKJ4zd/image.png	[]	t	10	32G11	\N	\N	30.00	14212.00	2	2025-12-13 09:28:54.425707+00	2025-12-13 12:58:40.104043+00
12	4	TV 50Q90	\N	\N	LED телевизор 50Q90, диагональ 50 дюймов.	\N	\N	18920.00	TV	https://i.postimg.cc/3dgYjrQB/image.png	[]	t	10	50Q90	\N	\N	30.00	35948.00	9	2025-12-13 09:28:54.425707+00	2025-12-13 12:59:59.598237+00
17	4	TV 65Q90	\N	\N	LED телевизор 65Q90, диагональ 65 дюймов.	\N	\N	32560.00	TV	https://i.postimg.cc/VS9K4TL2/image.png	[]	t	10	65Q90	\N	\N	30.00	61864.00	14	2025-12-13 09:28:54.425707+00	2025-12-13 13:01:52.184146+00
18	4	TV 75Q90	\N	\N	LED телевизор 75Q90, диагональ 75 дюймов.	\N	\N	48400.00	TV	https://i.postimg.cc/QHBSvVds/image.png	[]	t	10	75Q90	\N	\N	30.00	91960.00	15	2025-12-13 09:28:54.425707+00	2025-12-13 13:03:49.654226+00
20	4	TV 85QM91	\N	\N	LED телевизор 85QM91, диагональ 85 дюймов.	\N	\N	78320.00	TV	https://i.postimg.cc/hzyb5qFy/image.png	[]	t	10	85QM91	\N	\N	30.00	148808.00	17	2025-12-13 09:28:54.425707+00	2025-12-13 13:04:03.743916+00
6	4	TV 32UD	\N	\N	LED телевизор 32UD, диагональ 32 дюйма.	\N	\N	8096.00	TV	https://i.postimg.cc/XBBF1GkJ/image.png	[]	t	10	32UD	\N	\N	30.00	15382.40	3	2025-12-13 09:28:54.425707+00	2025-12-13 13:04:22.755097+00
8	4	TV 43E9000	\N	\N	LED телевизор 43E9000, диагональ 43 дюймов.	\N	\N	10560.00	TV	https://i.postimg.cc/KvCmBzp1/Izobrazenie-Whats-App-2025-12-07-v-22-02-05-3e7a7651.jpg	[]	t	10	43E9000	\N	\N	30.00	20064.00	5	2025-12-13 09:28:54.425707+00	2025-12-13 14:20:03.479146+00
14	4	TV 55Q90	\N	\N	LED телевизор 55Q90, диагональ 55 дюймов.	\N	\N	22880.00	TV	https://i.postimg.cc/x1ggBJr9/Izobrazenie-Whats-App-2025-12-07-v-22-02-04-40d7c6ed.jpg	[]	t	10	55Q90	\N	\N	30.00	43472.00	11	2025-12-13 09:28:54.425707+00	2025-12-13 14:20:14.847871+00
95	5	Konka KT75-Q809GB	\N	\N	LED телевизор Konka KT75-Q809GB, диагональ 75 дюймов.	\N	\N	76560.00	TV	https://i.postimg.cc/4mT1hQgy/image.jpg	[]	t	10	KT75-Q809GB	\N	\N	30.00	145464.00	14	2025-12-13 14:14:59.613933+00	2025-12-13 14:14:59.613933+00
86	5	Konka 50HK704W	\N	\N	LED телевизор Konka 50HK704W, диагональ 50 дюймов.	\N	\N	20680.00	TV	https://i.postimg.cc/Fk9Ss2p0/image.jpg	[]	t	10	50HK704W	\N	\N	30.00	39292.00	5	2025-12-13 14:14:59.613933+00	2025-12-13 14:30:01.199917+00
4	4	TV 32E9000	\N	\N	LED телевизор 32E9000, диагональ 32 дюйма.	\N	\N	6512.00	TV	https://i.postimg.cc/rFFwB5MN/Izobrazenie-Whats-App-2025-12-07-v-22-02-04-6528523c.jpg	[]	t	10	32E9000	\N	\N	30.00	12372.80	1	2025-12-13 09:28:54.425707+00	2025-12-13 09:28:54.425707+00
82	5	Konka 32YR680W	\N	\N	LED телевизор Konka 32YR680W, диагональ 32 дюйма.	\N	\N	9944.00	TV	https://i.postimg.cc/mPKrVX6M/image.jpg	[]	t	10	32YR680W	\N	\N	30.00	18893.60	1	2025-12-13 14:14:59.613933+00	2025-12-13 14:25:53.940978+00
7	4	TV 40E9000	\N	\N	LED телевизор 40E9000, диагональ 40 дюймов.	\N	\N	9416.00	TV	https://i.postimg.cc/Fk9Ss2p0/image.jpg	[]	t	10	40E9000	\N	\N	30.00	17890.40	4	2025-12-13 09:28:54.425707+00	2025-12-13 14:18:37.628867+00
54	6	Konka 32YR680W	\N	\N	LED телевизор Konka 32YR680W, диагональ 32 дюйма.	\N	\N	9944.00	TV	https://i.postimg.cc/mPKrVX6M/image.jpg	[]	t	10	32YR680W	\N	\N	30.00	18893.60	6	2025-12-13 09:51:18.945895+00	2025-12-13 14:26:11.903708+00
55	6	Konka 40YR530W	\N	\N	LED телевизор Konka 40YR530W, диагональ 40 дюймов.	\N	\N	12320.00	TV	https://i.postimg.cc/m1ZZh0hQ/image.jpg	[]	t	10	40YR530W	\N	\N	30.00	23408.00	7	2025-12-13 09:51:18.945895+00	2025-12-13 14:26:37.964292+00
56	6	Konka 43YR684W	\N	\N	LED телевизор Konka 43YR684W, диагональ 43 дюйма.	\N	\N	13640.00	TV	https://i.postimg.cc/0rtPcXzk/image.jpg	[]	t	10	43YR684W	\N	\N	30.00	25916.00	8	2025-12-13 09:51:18.945895+00	2025-12-13 14:27:07.290949+00
57	6	Konka 43VR700W	\N	\N	LED телевизор Konka 43VR700W, диагональ 43 дюймов.	\N	\N	18040.00	TV	https://i.postimg.cc/ZBpvrtTG/image.jpg	[]	t	10	43VR700W	\N	\N	30.00	34276.00	9	2025-12-13 09:51:18.945895+00	2025-12-13 14:27:35.649951+00
58	6	Konka 50HK704W	\N	\N	LED телевизор Konka 50HK704W, диагональ 50 дюймов.	\N	\N	20680.00	TV	https://i.postimg.cc/Fk9Ss2p0/image.jpg	[]	t	10	50HK704W	\N	\N	30.00	39292.00	10	2025-12-13 09:51:18.945895+00	2025-12-13 14:30:15.329921+00
49	6	TV 32E9000	\N	\N	LED телевизор 32E9000, диагональ 32 дюйма.	\N	\N	6512.00	TV	https://i.postimg.cc/rFFwB5MN/image.jpg	[]	t	10	32E9000	\N	\N	30.00	12372.80	1	2025-12-13 09:51:18.945895+00	2025-12-13 14:31:40.128001+00
50	6	TV 32G11	\N	\N	LED телевизор 32G11, диагональ 32 дюйма.	\N	\N	7480.00	TV	https://i.postimg.cc/gnpKJ4zd/image.jpg	[]	t	10	32G11	\N	\N	30.00	14212.00	2	2025-12-13 09:51:18.945895+00	2025-12-13 14:32:09.039086+00
51	6	TV 32UD	\N	\N	LED телевизор 32UD, диагональ 32 дюйма.	\N	\N	8096.00	TV	https://i.postimg.cc/XBBF1GkJ/image.jpg	[]	t	10	32UD	\N	\N	30.00	15382.40	3	2025-12-13 09:51:18.945895+00	2025-12-13 14:32:29.66383+00
52	6	TV 40E9000	\N	\N	LED телевизор 40E9000, диагональ 40 дюймов.	\N	\N	9416.00	TV	https://i.postimg.cc/Fk9Ss2p0/image.jpg	[]	t	10	40E9000	\N	\N	30.00	17890.40	4	2025-12-13 09:51:18.945895+00	2025-12-13 14:32:45.618023+00
53	6	TV 43E9000	\N	\N	LED телевизор 43E9000, диагональ 43 дюймов.	\N	\N	10560.00	TV	https://i.postimg.cc/KvCmBzp1/image.jpg	[]	t	10	43E9000	\N	\N	30.00	20064.00	5	2025-12-13 09:51:18.945895+00	2025-12-13 14:33:18.13085+00
98	3	Шоколадный фонтан — 50 шт	\N	\N	Рассчитан на 50–75 персон.\r\nВ ПРАЙС ВХОДИТ:\r\n— бельгийский шоколад Callebaut люкс\r\n— два фонтана (молочный и белый шоколад)\r\n— свежие фрукты\r\n— одноразовые люксовые стаканчики\r\n— шпажки, салфетки\r\n— обслуживание 2 часа\r\n— люкс оформление (4–6 декоров)\r\n\r\nВ ПОДАРОК:\r\n— фруктовая нарезка (2 шт)\r\n— маршмелоу в стаканчиках	\N	\N	12000.00	Шоколадные фонтаны	\N	[]	t	1	CHOKO-50	\N	\N	25.00	15000.00	1	2025-12-13 14:49:03.005898+00	2025-12-13 14:49:03.005898+00
99	3	Шоколадный фонтан — 75 шт	\N	\N	Рассчитан на 75–100 персон.\r\nВ ПРАЙС ВХОДИТ:\r\n— бельгийский шоколад Callebaut люкс\r\n— два фонтана (молочный и белый шоколад)\r\n— свежие фрукты\r\n— одноразовые люксовые стаканчики\r\n— шпажки, салфетки\r\n— обслуживание 2 часа\r\n— люкс оформление (4–6 декоров)\r\n\r\nВ ПОДАРОК:\r\n— фруктовая нарезка (2 шт)\r\n— маршмелоу в стаканчиках	\N	\N	14000.00	Шоколадные фонтаны	\N	[]	t	1	CHOKO-75	\N	\N	25.00	17500.00	2	2025-12-13 14:53:40.983759+00	2025-12-13 14:53:40.983759+00
100	3	Шоколадный фонтан — 100 шт	\N	\N	Рассчитан на 100–125 персон.\r\nВ ПРАЙС ВХОДИТ:\r\n— бельгийский шоколад Callebaut люкс\r\n— два фонтана (молочный и белый шоколад)\r\n— свежие фрукты\r\n— одноразовые люксовые стаканчики\r\n— шпажки, салфетки\r\n— обслуживание 2 часа\r\n— люкс оформление (4–6 декоров)\r\n\r\nВ ПОДАРОК:\r\n— фруктовая нарезка (2 шт)\r\n— маршмелоу в стаканчиках	\N	\N	16000.00	Шоколадные фонтаны	\N	[]	t	1	CHOKO-100	\N	\N	25.00	20000.00	3	2025-12-13 14:54:14.695453+00	2025-12-13 14:54:14.695453+00
59	1	Пакет Стандарт	\N	\N	Состав: сердечко marry me, дорожка 6 метров, лепестки роз, декор, колонка, холодный фонтан 4 шт, вертушка 6 шт. Доставка бесплатно.	\N	\N	9600.00	Service	\N	[]	t	100	MARRY_STD	\N	\N	30.00	13700.00	1	2025-12-13 10:24:03.391703+00	2025-12-13 10:24:03.391703+00
60	1	Пакет Три сердечко	\N	\N	Состав: три сердца, дорожка 7 метров, лепестки роз, декор, колонка, холодный фонтан 4 шт, вертушка 6 шт. Доставка бесплатно.	\N	\N	12000.00	Service	\N	[]	t	100	MARRY_3HEARTS	\N	\N	30.00	17200.00	2	2025-12-13 10:29:31.399362+00	2025-12-13 10:29:31.399362+00
61	1	Пакет VIP	\N	\N	Состав: три сердца, объемные буквы marry me, дорожка 7 м, лепестки роз, декор, колонка, холодный фонтан 4 шт, вертушка 6 шт. Доставка бесплатно.	\N	\N	14400.00	Service	\N	[]	t	100	MARRY_VIP	\N	\N	30.00	20600.00	3	2025-12-13 10:29:53.417806+00	2025-12-13 10:29:53.417806+00
62	1	Пакет Иссык-Куль	\N	\N	Состав: сердечко с надписью, буквы marry me либо три сердца, дорожка 6 м, лепестки роз, декор, колонка, холодный фонтан 4 шт, вертушка 6 шт. Доставка бесплатно.	\N	\N	18400.00	Service	\N	[]	t	100	MARRY_ISSYK	\N	\N	30.00	26300.00	4	2025-12-13 10:30:17.686259+00	2025-12-13 10:30:17.686259+00
63	1	Пакет Kombo	\N	\N	Состав: сердечко marry me, буквы marry me, дорожка 7 м, лепестки роз, декор, колонка, холодный фонтан 4 шт, вертушка 6 шт. Доставка бесплатно.	\N	\N	15000.00	Service	\N	[]	t	100	MARRY_KOMBO	\N	\N	30.00	19500.00	5	2025-12-13 10:30:30.89431+00	2025-12-13 10:30:30.89431+00
64	7	Пробное занятие 30 минут	\N	\N	Индивидуальное пробное занятие 30 минут. Начисляется 400 коинов.	\N	\N	800.00	Education	\N	[]	t	100	TRIAL30	\N	\N	30.00	1200.00	1	2025-12-13 10:45:16.321829+00	2025-12-13 10:45:16.321829+00
65	7	Занятие 50 минут	\N	\N	Индивидуальное занятие 50 минут. Начисляется 700 коинов.	\N	\N	1500.00	Education	\N	[]	t	100	LESSON50	\N	\N	30.00	2200.00	2	2025-12-13 10:45:16.321829+00	2025-12-13 10:45:16.321829+00
66	7	Абонемент 10 занятий	\N	\N	10 индивидуальных занятий. Начисляется 7000 коинов.	\N	\N	15000.00	Education	\N	[]	t	100	PACK10	\N	\N	30.00	22000.00	3	2025-12-13 10:45:16.321829+00	2025-12-13 10:45:16.321829+00
67	7	Абонемент 20 занятий	\N	\N	20 индивидуальных занятий. Начисляется 13000 коинов.	\N	\N	30000.00	Education	\N	[]	t	100	PACK20	\N	\N	30.00	43000.00	4	2025-12-13 10:45:16.321829+00	2025-12-13 10:45:16.321829+00
68	7	Интенсив — Быстрый старт	\N	\N	20 видеоуроков по 25 минут + 20 упражнений. Начисляется 2100 коинов.	\N	\N	4900.00	Education	\N	[]	t	100	INTENSIVE	\N	\N	30.00	7000.00	5	2025-12-13 10:45:16.321829+00	2025-12-13 10:45:16.321829+00
69	7	Парные занятия	\N	\N	Занятие в паре. Начисляется 900 коинов.	\N	\N	2500.00	Education	\N	[]	t	100	PAIR	\N	\N	25.00	3400.00	6	2025-12-13 10:45:16.321829+00	2025-12-13 10:45:16.321829+00
101	3	Шоколадный фонтан — 150 шт	\N	\N	Рассчитан на 150–200 персон.\r\nВ ПРАЙС ВХОДИТ:\r\n— бельгийский шоколад Callebaut люкс\r\n— два фонтана (молочный и белый шоколад)\r\n— свежие фрукты\r\n— одноразовые люксовые стаканчики\r\n— шпажки, салфетки\r\n— обслуживание 2 часа\r\n— люкс оформление (4–6 декоров)\r\n\r\nВ ПОДАРОК:\r\n— фруктовая нарезка (2 шт)\r\n— маршмелоу в стаканчиках	\N	\N	20000.00	Шоколадные фонтаны	\N	[]	t	1	CHOKO-150	\N	\N	25.00	25000.00	4	2025-12-13 14:54:38.884889+00	2025-12-13 14:54:38.884889+00
102	3	Шоколадный фонтан — 200 шт	\N	\N	Рассчитан на 175–220 персон.\r\nВ ПРАЙС ВХОДИТ:\r\n— бельгийский шоколад Callebaut люкс\r\n— два фонтана (молочный и белый шоколад)\r\n— свежие фрукты\r\n— одноразовые люксовые стаканчики\r\n— шпажки, салфетки\r\n— обслуживание 2 часа\r\n— люкс оформление (4–6 декоров)\r\n\r\nВ ПОДАРОК:\r\n— фруктовая нарезка (2 шт)\r\n— маршмелоу в стаканчиках	\N	\N	25000.00	Шоколадные фонтаны	\N	[]	t	1	CHOKO-200	\N	\N	25.00	31000.00	5	2025-12-13 14:55:31.013796+00	2025-12-13 14:55:31.013796+00
103	3	Шоколадный фонтан — 250 шт	\N	\N	Рассчитан на 250–300 персон.\r\nВ ПРАЙС ВХОДИТ:\r\n— бельгийский шоколад Callebaut люкс\r\n— два фонтана (молочный и белый шоколад)\r\n— свежие фрукты\r\n— одноразовые люксовые стаканчики\r\n— шпажки, салфетки\r\n— обслуживание 2 часа\r\n— люкс оформление (4–6 декоров)\r\n\r\nВ ПОДАРОК:\r\n— фруктовая нарезка (2 шт)\r\n— маршмелоу в стаканчиках	\N	\N	30000.00	Шоколадные фонтаны	\N	[]	t	1	CHOKO-250	\N	\N	25.00	37500.00	6	2025-12-13 14:56:00.683668+00	2025-12-13 14:56:00.683668+00
104	8	Поздравление с мишкой	\N	\N	Мишка 2.6м, 4 холодных фонтана, музыка, танцы под 3–4 песни. Мишка на выбор: розовый, коричневый, белый, синий.	\N	\N	3500.00	Service	https://i.postimg.cc/8k9B77rP/Izobrazenie-Whats-App-2025-12-12-v-15-26-15-d895ac57.jpg	[]	t	1	BEAR_SHOW	\N	\N	20.00	4400.00	1	2025-12-13 15:03:50.750504+00	2025-12-13 15:03:50.750504+00
105	8	Поздравление с розовой аркой “Happy Birthday”	\N	\N	Арка “Happy Birthday”, дорожка со свечами, 4 холодных фонтана, музыкальное сопровождение.	\N	\N	5400.00	Service	https://i.postimg.cc/YSFH3jzT/Izobrazenie-Whats-App-2025-12-12-v-15-31-42-573af847.jpg	[]	t	1	HB_PINK_ARC	\N	\N	25.00	7200.00	2	2025-12-13 15:05:34.24755+00	2025-12-13 15:05:34.24755+00
106	8	Поздравление с белой аркой “Happy Birthday”	\N	\N	Арка “Happy Birthday”, дорожка со свечами, 4 холодных фонтана, музыкальное сопровождение.	\N	\N	5400.00	Service	https://i.postimg.cc/JhVgRxjS/Izobrazenie-Whats-App-2025-12-12-v-15-32-53-b913038f.jpg	[]	t	1	HB_WHITE_ARC	\N	\N	25.00	7200.00	3	2025-12-13 15:06:49.147593+00	2025-12-13 15:06:49.147593+00
107	8	Поздравление с Буквами “Happy Birthday”	\N	\N	Буквы “Happy Birthday”, дорожка со свечами, 6 холодных фонтанов (вертушка), 4 холодных фонтана, музыкальное сопровождение.	\N	\N	7200.00	Service	https://i.postimg.cc/28L23vk0/Izobrazenie-Whats-App-2025-12-12-v-15-35-21-6be19f59.jpg	[]	t	1	HB_LETTERS	\N	\N	20.00	9000.00	4	2025-12-13 15:08:15.7495+00	2025-12-13 15:08:15.7495+00
108	8	Поздравление КОМБО	\N	\N	Буквы Happy Birthday, арка “Happy Birthday”, дорожка со свечами, 4 холодных фонтана, мишка-аниматор, салют 25 залпов, музыкальное сопровождение.	\N	\N	12600.00	Service	https://i.postimg.cc/wBqrtvbg/Izobrazenie-Whats-App-2025-12-12-v-15-37-43-26e7b849.jpg	[]	t	1	HB_COMBO	\N	\N	20.00	15800.00	5	2025-12-13 15:09:23.263599+00	2025-12-13 15:09:23.263599+00
152	9	Крылья 3 шт	\N	\N	Куриные крылья, 3 штуки.	\N	\N	250.00	Wings	\N	[]	t	100	WINGS-3	\N	\N	0.00	250.00	1	2025-12-15 15:27:36.467513+00	2025-12-15 15:27:36.467513+00
153	9	Крылья 6 шт	\N	\N	Куриные крылья, 6 штук.	\N	\N	450.00	Wings	\N	[]	t	100	WINGS-6	\N	\N	0.00	450.00	2	2025-12-15 15:27:36.467513+00	2025-12-15 15:27:36.467513+00
154	9	Крылья 9 шт	\N	\N	Куриные крылья, 9 штук.	\N	\N	650.00	Wings	\N	[]	t	100	WINGS-9	\N	\N	0.00	650.00	3	2025-12-15 15:27:36.467513+00	2025-12-15 15:27:36.467513+00
155	9	Крылья 12 шт	\N	\N	Куриные крылья, 12 штук.	\N	\N	850.00	Wings	\N	[]	t	100	WINGS-12	\N	\N	0.00	850.00	4	2025-12-15 15:27:36.467513+00	2025-12-15 15:27:36.467513+00
156	9	Ножка 1 шт	\N	\N	Куриная ножка, 1 штука.	\N	\N	200.00	Legs	\N	[]	t	100	LEG-1	\N	\N	0.00	200.00	1	2025-12-15 15:28:01.154472+00	2025-12-15 15:28:01.154472+00
157	9	Ножки 3 шт	\N	\N	Куриные ножки, 3 штуки.	\N	\N	550.00	Legs	\N	[]	t	100	LEG-3	\N	\N	0.00	550.00	2	2025-12-15 15:28:01.154472+00	2025-12-15 15:28:01.154472+00
158	9	Ножки 6 шт	\N	\N	Куриные ножки, 6 штук.	\N	\N	1000.00	Legs	\N	[]	t	100	LEG-6	\N	\N	0.00	1000.00	3	2025-12-15 15:28:01.154472+00	2025-12-15 15:28:01.154472+00
159	9	Ножки 9 шт	\N	\N	Куриные ножки, 9 штук.	\N	\N	1400.00	Legs	\N	[]	t	100	LEG-9	\N	\N	0.00	1400.00	4	2025-12-15 15:28:01.154472+00	2025-12-15 15:28:01.154472+00
160	9	Соус чесночный	\N	\N	Чесночный соус.	\N	\N	50.00	Sauce	\N	[]	t	200	SAUCE-GARLIC	\N	\N	0.00	50.00	1	2025-12-15 15:28:22.693364+00	2025-12-15 15:28:22.693364+00
161	9	Соус сырный	\N	\N	Сырный соус.	\N	\N	50.00	Sauce	\N	[]	t	200	SAUCE-CHEESE	\N	\N	0.00	50.00	2	2025-12-15 15:28:22.693364+00	2025-12-15 15:28:22.693364+00
162	9	Соус BBQ	\N	\N	Соус BBQ.	\N	\N	50.00	Sauce	\N	[]	t	200	SAUCE-BBQ	\N	\N	0.00	50.00	3	2025-12-15 15:28:22.693364+00	2025-12-15 15:28:22.693364+00
163	9	Кетчуп	\N	\N	Томатный кетчуп.	\N	\N	50.00	Sauce	\N	[]	t	200	SAUCE-KETCHUP	\N	\N	0.00	50.00	4	2025-12-15 15:28:22.693364+00	2025-12-15 15:28:22.693364+00
164	9	Майонез	\N	\N	Классический майонез.	\N	\N	50.00	Sauce	\N	[]	t	200	SAUCE-MAYO	\N	\N	0.00	50.00	5	2025-12-15 15:28:22.693364+00	2025-12-15 15:28:22.693364+00
165	9	Coca-Cola	\N	\N	Напиток Coca-Cola.	\N	\N	120.00	Drink	\N	[]	t	200	DRINK-COLA	\N	\N	0.00	120.00	1	2025-12-15 15:28:45.091295+00	2025-12-15 15:28:45.091295+00
166	9	Fanta	\N	\N	Напиток Fanta.	\N	\N	120.00	Drink	\N	[]	t	200	DRINK-FANTA	\N	\N	0.00	120.00	2	2025-12-15 15:28:45.091295+00	2025-12-15 15:28:45.091295+00
167	9	Sprite	\N	\N	Напиток Sprite.	\N	\N	120.00	Drink	\N	[]	t	200	DRINK-SPRITE	\N	\N	0.00	120.00	3	2025-12-15 15:28:45.091295+00	2025-12-15 15:28:45.091295+00
\.


--
-- Data for Name: partners; Type: TABLE DATA; Schema: public; Owner: yess_user
--

COPY public.partners ("Id", "Name", "Description", "Category", "CityId", "LogoUrl", "CoverImageUrl", "QrCodeUrl", "Phone", "Email", "Website", "SocialMedia", "BankAccount", "MaxDiscountPercent", "CashbackRate", "DefaultCashbackRate", "OwnerId", "IsActive", "IsVerified", "Latitude", "Longitude", "CreatedAt", "UpdatedAt") FROM stdin;
1	marrymekg7	ПРЕДЛОЖЕНИЕ РУКИ И СЕРДЦА | MARRY ME | Бишкек. Декор, оформление, организация мероприятий.	Services	\N	https://i.postimg.cc/Qx0p1wn9/image-279.png	https://i.postimg.cc/dtqMNZQC/image-280.png	\N	+996508111006	\N	\N	"instagram"=>"https://instagram.com/marrymekg7"	KG000000001	10.00	5.00	5.00	1	t	t	42.8746	74.6122	2025-12-12 14:08:31.696167+00	2025-12-12 14:08:31.696167+00
2	Papillon Store	Papillon Store — телефоны и электроника в Бишкеке. \r\n▪️ Рассрочка через банк  \r\n▪️ Рассрочка без банка (30%)  \r\n▪️ Доставка по всему КР  \r\n▪️ Обмен устройств с доплатой  \r\nДля вопросов: Telegram t.me/+MzkaRJNJbtJkYTMy	Electronics	\N	https://i.postimg.cc/sD5y7pGJ/image-287.png	https://i.postimg.cc/dQ8S9nnW/image.png	\N	+996000000000	\N	\N	"telegram"=>"t.me/+MzkaRJNJbtJkYTMy"	KG000000000	10.00	5.00	5.00	1	t	t	42.8746	74.6122	2025-12-12 14:15:12.391372+00	2025-12-12 14:15:12.391372+00
4	TECHFIRE	Магазин электроники TECHFIRE. Продажа телевизоров и цифровой техники.	Electronics	\N	https://i.postimg.cc/SQ1HSSWL/image-281.png	https://i.postimg.cc/MppcyYn9/image-253.png	\N	+996000000000	\N	\N	\N	KG000000001	10.00	5.00	5.00	1	t	t	\N	\N	2025-12-12 14:27:57.553483+00	2025-12-12 14:27:57.553483+00
5	ASSA Techno KG	Магазин электроники. Телевизоры KONKA и цифровая техника.	Electronics	\N	https://i.postimg.cc/RFFGytpc/image-282.png	https://i.postimg.cc/htNSf8TK/Frame-22.png	\N	+996000000000	\N	\N	\N	KG000000002	10.00	5.00	5.00	1	t	t	\N	\N	2025-12-12 14:28:22.453726+00	2025-12-12 14:28:22.453726+00
6	Осьминог	Электроника и телевизоры. Большой выбор техники по доступным ценам.	Electronics	\N	https://i.postimg.cc/L6Ldxd1X/Frame-21.png	https://i.postimg.cc/QdCtBxPr/Frame-23.png	\N	+996000000000	\N	\N	\N	KG000000003	10.00	5.00	5.00	1	t	t	\N	\N	2025-12-12 14:28:39.971486+00	2025-12-12 14:28:39.971486+00
10	КрылоMania	Любимые крылышки для настоящих гурманов и весёлых компаний.	Food	\N	https://i.postimg.cc/wMf6B6Cf/Frame-40.png	https://i.postimg.cc/cLjrmc53/Frame-38.png	\N	+996702613312	\N	https://wa.me/996702613312	\N	\N	0.00	0.00	0.00	1	t	t	\N	\N	2025-12-15 15:20:43.85472+00	2025-12-15 15:20:43.85472+00
7	english.nissi	АНГЛИЙСКИЙ ЯЗЫК онлайн | English online Бишкек. Индивидуальные занятия и интенсивные программы.	Education	\N	\N	\N	\N	\N	\N	https://englishnissi.aqulas.me	\N	\N	0.00	0.00	0.00	1	t	t	\N	\N	2025-12-12 14:41:46.347511+00	2025-12-12 14:41:46.347511+00
3	chocoray.kg7	Фуршет, шоколадный фонтан, сладкий фуршет, welcome drink, кофе брейк. Идеальные фуршеты для мероприятий.	Services	\N	https://i.postimg.cc/0jKnXT6n/Frame-33.png	https://i.postimg.cc/D0c0hZbK/image.png	\N	+996504248481	\N	\N	"instagram"=>"\\"https://instagram.com/chocoray.kg7\\""	\N	10.00	5.00	5.00	1	t	t	\N	\N	2025-12-12 14:16:23.789237+00	2025-12-13 14:41:17.010873+00
8	happy_birthday_kg	Поздравления | HAPPY BIRTHDAY | Холодный фонтан | Аниматоры. Бишкек. Выписка, шары, гендер-пати.	Events	\N	https://i.postimg.cc/3rFD1xLR/Frame-36.png	https://i.postimg.cc/dkp6t1dd/image.jpg	\N	+996702613312	\N	https://wa.me/996702613312	\N	\N	0.00	0.00	0.00	1	t	t	\N	\N	2025-12-13 09:23:38.309626+00	2025-12-13 15:14:47.251448+00
9	KOKO Chiken	Вкусные крылья и ножки с соусами и фри для любого настроения.	Еда	\N	https://i.postimg.cc/B63StPkm/image-309.png	https://i.postimg.cc/L5SyZ23z/image.png	\N	+996000000000	\N	\N	\N	KG000000003	20.00	5.00	5.00	1	t	t	\N	\N	2025-12-15 14:00:48.082087+00	2025-12-15 14:00:48.082087+00
\.


--
-- Data for Name: transactions; Type: TABLE DATA; Schema: public; Owner: yess_user
--

COPY public.transactions ("Id", "UserId", "PartnerId", "Type", "Amount", "Commission", "PaymentMethod", "GatewayTransactionId", "ErrorMessage", "ProcessedAt", "BalanceBefore", "BalanceAfter", "Status", "PaymentUrl", "QrCodeData", "YescoinUsed", "YescoinEarned", "Description", "CreatedAt", "CompletedAt") FROM stdin;
\.


--
-- Data for Name: users; Type: TABLE DATA; Schema: public; Owner: yess_user
--

COPY public.users ("Id", "Name", "FirstName", "LastName", "Email", "Phone", "PasswordHash", "AvatarUrl", "Bio", "Address", "PhoneVerified", "EmailVerified", "VerificationCode", "VerificationExpiresAt", "DeviceTokens", "PushEnabled", "SmsEnabled", "CityId", "Latitude", "Longitude", "ReferralCode", "ReferredBy", "IsActive", "IsBlocked", "LastLoginAt", "CreatedAt", "UpdatedAt") FROM stdin;
5	YessGo .	YessGo	.	+996990118157@temp.local	+996990118157	$2a$11$wrQc7Kq4U0x4NbUOBf/K2.9GwPj4SyBHnnGAX8wUsdPnhykF1I5cq	\N	\N	\N	t	f	\N	2025-12-12 15:02:50.374474+00	[]	t	t	\N	\N	\N	AD4CZR0O	\N	f	f	2025-12-15 14:17:13.368396+00	2025-12-12 14:52:50.374477+00	2025-12-12 14:53:03.210194+00
1	kanai akm	kanai	akm	+996686546564@temp.local	+996686546564	$2a$11$YeyXIj//Y9BjoZA9KdG/0.I/KwW4RqMfXRC8euwk.yqo5QlAPDAW6	\N	\N	\N	t	f	\N	2025-12-12 14:12:48.645471+00	[]	t	t	\N	\N	\N	A3ULG7FU	\N	f	f	2025-12-12 14:04:46.563841+00	2025-12-12 14:02:48.645615+00	2025-12-12 14:02:56.971934+00
3	kanai akm	kanai	akm	+996999999999@temp.local	+996999999999	$2a$11$hF8QofbrDYzWGoz2ZNfwuehXKt3ZVtrQdtPBSxI8y9xl2FpcQ2SGO	\N	\N	\N	t	f	\N	2025-12-12 14:46:49.153655+00	[]	t	t	\N	\N	\N	7CLI8Q37	\N	f	f	2025-12-15 14:44:25.982843+00	2025-12-12 14:36:49.153658+00	2025-12-12 14:36:58.288842+00
2	Бектурсун Имангазиев	Бектурсун	Имангазиев	+996556150622@temp.local	+996556150622	$2a$11$4jlxY0PMhjmyCp3oIp404ea3.lXbH1vVI7Z5ReL1Wyu0hKBFW4Che	\N	\N	\N	t	f	\N	2025-12-12 14:30:12.827159+00	[]	t	t	\N	\N	\N	M5V74WBE	\N	f	f	2025-12-12 14:20:37.776831+00	2025-12-12 14:20:12.827162+00	2025-12-12 14:20:37.206126+00
12	\N	Aman	Amanchik	+996551697296@example.local	+996551697296	$2a$11$XJLS2o7jZR7rS7da3/gYNOSnBC9u.INIOCXBHWoqmAyiXMtUEtuxO	\N	\N	\N	f	f	\N	\N	[]	t	t	\N	\N	\N	3GL4MY2E	\N	t	f	2025-12-15 15:06:09.271663+00	2025-12-13 19:58:07.094079+00	2025-12-13 19:58:07.094179+00
4	igsur iys	igsur	iys	+996990500777@temp.local	+996990500777	$2a$11$5Us5X83kDmXjgXCY2cYzA.UG.p2cLhjgLvhXVQdqrGoe/K.A2DI2i	\N	\N	\N	t	f	\N	2025-12-12 14:54:02.456179+00	[]	t	t	\N	\N	\N	BDJAL1Y7	\N	f	f	2025-12-12 14:44:09.27016+00	2025-12-12 14:44:02.456182+00	2025-12-12 14:44:08.709075+00
6	kll kkkk	kll	kkkk	+996656556556@temp.local	+996656556556	$2a$11$WElhlk6bc21ZAMHzAc9XzuitCPzMkXXHRvzMU/R1RysNKtvkRwK2S	\N	\N	\N	t	f	\N	2025-12-12 15:22:20.593162+00	[]	t	t	\N	\N	\N	QVPDF4YQ	\N	f	f	2025-12-12 15:12:28.397422+00	2025-12-12 15:12:20.593165+00	2025-12-12 15:12:27.839646+00
7	kanai akmatalyev	kanai	akmatalyev	+996999911111@temp.local	+996999911111	$2a$11$ISOCU9y5dJFIFD93AN7JNeMTKRC/1.XCBwGJp.1JDzj8NK7xf8ouW	\N	\N	\N	t	f	\N	2025-12-12 16:13:25.309792+00	[]	t	t	\N	\N	\N	LHR58OAL	\N	f	f	2025-12-12 16:03:33.982222+00	2025-12-12 16:03:25.309794+00	2025-12-12 16:03:33.427466+00
8	jtsu ursu	jtsu	ursu	+996757557567@temp.local	+996757557567	$2a$11$vSFR3toG8Kw8T612.yYseO850WUPPQsCKZroGAJeLfA2JQdR6nFXq	\N	\N	\N	t	f	\N	2025-12-12 21:10:11.926706+00	[]	t	t	\N	\N	\N	0GBN7A87	\N	f	f	2025-12-12 21:00:17.809749+00	2025-12-12 21:00:11.926707+00	2025-12-12 21:00:17.383858+00
10	\N	\N	\N	+996700123456@temp.local	+996700123456	\N	\N	\N	\N	f	f	127849	2025-12-13 13:45:04.657116+00	[]	t	t	\N	\N	\N	\N	\N	f	f	\N	2025-12-13 13:35:04.657117+00	2025-12-13 13:35:04.657117+00
11	kanai kanai	kanai	kanai	+996666666666@temp.local	+996666666666	$2a$11$DNvtiosib/RjlynkuLBzzeazPfXNIOW6jcfSjMrnDfD1c.9j6Zi5C	\N	\N	\N	t	f	\N	2025-12-13 14:31:50.730949+00	[]	t	t	\N	\N	\N	IO564E55	\N	f	f	2025-12-13 14:21:58.187134+00	2025-12-13 14:21:50.730949+00	2025-12-13 14:21:57.582049+00
9	aktan zhakiev	aktan	zhakiev	+996555555555@temp.local	+996555555555	$2a$11$E93LTCyfwTppGnz22n04m.Pu7t9Pr5pCJCmmBL/OPNhGhP.IhEB6u	\N	\N	\N	t	f	\N	2025-12-13 10:47:22.607996+00	[]	t	t	\N	\N	\N	619I6FDU	\N	f	f	2025-12-15 14:05:09.022825+00	2025-12-13 10:37:22.607998+00	2025-12-13 10:37:29.484248+00
\.


--
-- Data for Name: wallets; Type: TABLE DATA; Schema: public; Owner: yess_user
--

COPY public.wallets ("Id", "UserId", "Balance", "YescoinBalance", "TotalEarned", "TotalSpent", "LastUpdated") FROM stdin;
1	1	34623.00	0.00	0.00	0.00	2025-12-12 14:02:56.995641+00
2	2	0.00	0.00	0.00	0.00	2025-12-12 14:20:37.209194+00
3	3	0.00	0.00	0.00	0.00	2025-12-12 14:36:58.291798+00
4	4	0.00	0.00	0.00	0.00	2025-12-12 14:44:08.712433+00
5	5	0.00	0.00	0.00	0.00	2025-12-12 14:53:03.212764+00
6	6	0.00	0.00	0.00	0.00	2025-12-12 15:12:27.84208+00
7	7	0.00	0.00	0.00	0.00	2025-12-12 16:03:33.430499+00
8	8	0.00	0.00	0.00	0.00	2025-12-12 21:00:17.386951+00
9	9	0.00	0.00	0.00	0.00	2025-12-13 10:37:29.4873+00
10	11	0.00	0.00	0.00	0.00	2025-12-13 14:21:57.584277+00
11	12	0.00	0.00	0.00	0.00	2025-12-13 19:58:07.161991+00
\.


--
-- Name: AchievementProgresses_Id_seq; Type: SEQUENCE SET; Schema: public; Owner: yess_user
--

SELECT pg_catalog.setval('public."AchievementProgresses_Id_seq"', 1, false);


--
-- Name: Achievements_Id_seq; Type: SEQUENCE SET; Schema: public; Owner: yess_user
--

SELECT pg_catalog.setval('public."Achievements_Id_seq"', 1, false);


--
-- Name: Cities_Id_seq; Type: SEQUENCE SET; Schema: public; Owner: yess_user
--

SELECT pg_catalog.setval('public."Cities_Id_seq"', 1, false);


--
-- Name: LevelRewards_Id_seq; Type: SEQUENCE SET; Schema: public; Owner: yess_user
--

SELECT pg_catalog.setval('public."LevelRewards_Id_seq"', 1, false);


--
-- Name: NotificationLogs_Id_seq; Type: SEQUENCE SET; Schema: public; Owner: yess_user
--

SELECT pg_catalog.setval('public."NotificationLogs_Id_seq"', 1, false);


--
-- Name: NotificationSettings_Id_seq; Type: SEQUENCE SET; Schema: public; Owner: yess_user
--

SELECT pg_catalog.setval('public."NotificationSettings_Id_seq"', 1, false);


--
-- Name: NotificationTemplates_Id_seq; Type: SEQUENCE SET; Schema: public; Owner: yess_user
--

SELECT pg_catalog.setval('public."NotificationTemplates_Id_seq"', 1, false);


--
-- Name: Notifications_Id_seq; Type: SEQUENCE SET; Schema: public; Owner: yess_user
--

SELECT pg_catalog.setval('public."Notifications_Id_seq"', 1, false);


--
-- Name: OrderItems_Id_seq; Type: SEQUENCE SET; Schema: public; Owner: yess_user
--

SELECT pg_catalog.setval('public."OrderItems_Id_seq"', 1, false);


--
-- Name: PartnerEmployees_Id_seq; Type: SEQUENCE SET; Schema: public; Owner: yess_user
--

SELECT pg_catalog.setval('public."PartnerEmployees_Id_seq"', 1, false);


--
-- Name: PartnerLocations_Id_seq; Type: SEQUENCE SET; Schema: public; Owner: yess_user
--

SELECT pg_catalog.setval('public."PartnerLocations_Id_seq"', 1, false);


--
-- Name: PaymentAnalytics_Id_seq; Type: SEQUENCE SET; Schema: public; Owner: yess_user
--

SELECT pg_catalog.setval('public."PaymentAnalytics_Id_seq"', 1, false);


--
-- Name: PaymentMethods_Id_seq; Type: SEQUENCE SET; Schema: public; Owner: yess_user
--

SELECT pg_catalog.setval('public."PaymentMethods_Id_seq"', 1, false);


--
-- Name: PaymentProviderTransactions_Id_seq; Type: SEQUENCE SET; Schema: public; Owner: yess_user
--

SELECT pg_catalog.setval('public."PaymentProviderTransactions_Id_seq"', 1, false);


--
-- Name: PromoCodes_Id_seq; Type: SEQUENCE SET; Schema: public; Owner: yess_user
--

SELECT pg_catalog.setval('public."PromoCodes_Id_seq"', 1, false);


--
-- Name: PromotionUsages_Id_seq; Type: SEQUENCE SET; Schema: public; Owner: yess_user
--

SELECT pg_catalog.setval('public."PromotionUsages_Id_seq"', 1, false);


--
-- Name: Promotions_Id_seq; Type: SEQUENCE SET; Schema: public; Owner: yess_user
--

SELECT pg_catalog.setval('public."Promotions_Id_seq"', 1, false);


--
-- Name: ReconciliationReports_Id_seq; Type: SEQUENCE SET; Schema: public; Owner: yess_user
--

SELECT pg_catalog.setval('public."ReconciliationReports_Id_seq"', 1, false);


--
-- Name: Refunds_Id_seq; Type: SEQUENCE SET; Schema: public; Owner: yess_user
--

SELECT pg_catalog.setval('public."Refunds_Id_seq"', 1, false);


--
-- Name: Roles_Id_seq; Type: SEQUENCE SET; Schema: public; Owner: yess_user
--

SELECT pg_catalog.setval('public."Roles_Id_seq"', 1, false);


--
-- Name: Stories_Id_seq; Type: SEQUENCE SET; Schema: public; Owner: yess_user
--

SELECT pg_catalog.setval('public."Stories_Id_seq"', 1, false);


--
-- Name: StoryClicks_Id_seq; Type: SEQUENCE SET; Schema: public; Owner: yess_user
--

SELECT pg_catalog.setval('public."StoryClicks_Id_seq"', 1, false);


--
-- Name: StoryViews_Id_seq; Type: SEQUENCE SET; Schema: public; Owner: yess_user
--

SELECT pg_catalog.setval('public."StoryViews_Id_seq"', 1, false);


--
-- Name: UserAchievements_Id_seq; Type: SEQUENCE SET; Schema: public; Owner: yess_user
--

SELECT pg_catalog.setval('public."UserAchievements_Id_seq"', 1, false);


--
-- Name: UserLevelRewards_Id_seq; Type: SEQUENCE SET; Schema: public; Owner: yess_user
--

SELECT pg_catalog.setval('public."UserLevelRewards_Id_seq"', 1, false);


--
-- Name: UserLevels_Id_seq; Type: SEQUENCE SET; Schema: public; Owner: yess_user
--

SELECT pg_catalog.setval('public."UserLevels_Id_seq"', 1, false);


--
-- Name: UserPromoCodes_Id_seq; Type: SEQUENCE SET; Schema: public; Owner: yess_user
--

SELECT pg_catalog.setval('public."UserPromoCodes_Id_seq"', 1, false);


--
-- Name: UserRoles_Id_seq; Type: SEQUENCE SET; Schema: public; Owner: yess_user
--

SELECT pg_catalog.setval('public."UserRoles_Id_seq"', 1, false);


--
-- Name: orders_Id_seq; Type: SEQUENCE SET; Schema: public; Owner: yess_user
--

SELECT pg_catalog.setval('public."orders_Id_seq"', 1, true);


--
-- Name: partner_products_Id_seq; Type: SEQUENCE SET; Schema: public; Owner: yess_user
--

SELECT pg_catalog.setval('public."partner_products_Id_seq"', 167, true);


--
-- Name: partners_Id_seq; Type: SEQUENCE SET; Schema: public; Owner: yess_user
--

SELECT pg_catalog.setval('public."partners_Id_seq"', 3, true);


--
-- Name: transactions_Id_seq; Type: SEQUENCE SET; Schema: public; Owner: yess_user
--

SELECT pg_catalog.setval('public."transactions_Id_seq"', 1, false);


--
-- Name: users_Id_seq; Type: SEQUENCE SET; Schema: public; Owner: yess_user
--

SELECT pg_catalog.setval('public."users_Id_seq"', 12, true);


--
-- Name: wallets_Id_seq; Type: SEQUENCE SET; Schema: public; Owner: yess_user
--

SELECT pg_catalog.setval('public."wallets_Id_seq"', 11, true);


--
-- Name: AchievementProgresses PK_AchievementProgresses; Type: CONSTRAINT; Schema: public; Owner: yess_user
--

ALTER TABLE ONLY public."AchievementProgresses"
    ADD CONSTRAINT "PK_AchievementProgresses" PRIMARY KEY ("Id");


--
-- Name: Achievements PK_Achievements; Type: CONSTRAINT; Schema: public; Owner: yess_user
--

ALTER TABLE ONLY public."Achievements"
    ADD CONSTRAINT "PK_Achievements" PRIMARY KEY ("Id");


--
-- Name: AdminUsers PK_AdminUsers; Type: CONSTRAINT; Schema: public; Owner: yess_user
--

ALTER TABLE ONLY public."AdminUsers"
    ADD CONSTRAINT "PK_AdminUsers" PRIMARY KEY ("Id");


--
-- Name: Cities PK_Cities; Type: CONSTRAINT; Schema: public; Owner: yess_user
--

ALTER TABLE ONLY public."Cities"
    ADD CONSTRAINT "PK_Cities" PRIMARY KEY ("Id");


--
-- Name: LevelRewards PK_LevelRewards; Type: CONSTRAINT; Schema: public; Owner: yess_user
--

ALTER TABLE ONLY public."LevelRewards"
    ADD CONSTRAINT "PK_LevelRewards" PRIMARY KEY ("Id");


--
-- Name: NotificationLogs PK_NotificationLogs; Type: CONSTRAINT; Schema: public; Owner: yess_user
--

ALTER TABLE ONLY public."NotificationLogs"
    ADD CONSTRAINT "PK_NotificationLogs" PRIMARY KEY ("Id");


--
-- Name: NotificationSettings PK_NotificationSettings; Type: CONSTRAINT; Schema: public; Owner: yess_user
--

ALTER TABLE ONLY public."NotificationSettings"
    ADD CONSTRAINT "PK_NotificationSettings" PRIMARY KEY ("Id");


--
-- Name: NotificationTemplates PK_NotificationTemplates; Type: CONSTRAINT; Schema: public; Owner: yess_user
--

ALTER TABLE ONLY public."NotificationTemplates"
    ADD CONSTRAINT "PK_NotificationTemplates" PRIMARY KEY ("Id");


--
-- Name: Notifications PK_Notifications; Type: CONSTRAINT; Schema: public; Owner: yess_user
--

ALTER TABLE ONLY public."Notifications"
    ADD CONSTRAINT "PK_Notifications" PRIMARY KEY ("Id");


--
-- Name: OrderItems PK_OrderItems; Type: CONSTRAINT; Schema: public; Owner: yess_user
--

ALTER TABLE ONLY public."OrderItems"
    ADD CONSTRAINT "PK_OrderItems" PRIMARY KEY ("Id");


--
-- Name: PartnerEmployees PK_PartnerEmployees; Type: CONSTRAINT; Schema: public; Owner: yess_user
--

ALTER TABLE ONLY public."PartnerEmployees"
    ADD CONSTRAINT "PK_PartnerEmployees" PRIMARY KEY ("Id");


--
-- Name: PartnerLocations PK_PartnerLocations; Type: CONSTRAINT; Schema: public; Owner: yess_user
--

ALTER TABLE ONLY public."PartnerLocations"
    ADD CONSTRAINT "PK_PartnerLocations" PRIMARY KEY ("Id");


--
-- Name: PaymentAnalytics PK_PaymentAnalytics; Type: CONSTRAINT; Schema: public; Owner: yess_user
--

ALTER TABLE ONLY public."PaymentAnalytics"
    ADD CONSTRAINT "PK_PaymentAnalytics" PRIMARY KEY ("Id");


--
-- Name: PaymentMethods PK_PaymentMethods; Type: CONSTRAINT; Schema: public; Owner: yess_user
--

ALTER TABLE ONLY public."PaymentMethods"
    ADD CONSTRAINT "PK_PaymentMethods" PRIMARY KEY ("Id");


--
-- Name: PaymentProviderTransactions PK_PaymentProviderTransactions; Type: CONSTRAINT; Schema: public; Owner: yess_user
--

ALTER TABLE ONLY public."PaymentProviderTransactions"
    ADD CONSTRAINT "PK_PaymentProviderTransactions" PRIMARY KEY ("Id");


--
-- Name: PromoCodes PK_PromoCodes; Type: CONSTRAINT; Schema: public; Owner: yess_user
--

ALTER TABLE ONLY public."PromoCodes"
    ADD CONSTRAINT "PK_PromoCodes" PRIMARY KEY ("Id");


--
-- Name: PromotionUsages PK_PromotionUsages; Type: CONSTRAINT; Schema: public; Owner: yess_user
--

ALTER TABLE ONLY public."PromotionUsages"
    ADD CONSTRAINT "PK_PromotionUsages" PRIMARY KEY ("Id");


--
-- Name: Promotions PK_Promotions; Type: CONSTRAINT; Schema: public; Owner: yess_user
--

ALTER TABLE ONLY public."Promotions"
    ADD CONSTRAINT "PK_Promotions" PRIMARY KEY ("Id");


--
-- Name: ReconciliationReports PK_ReconciliationReports; Type: CONSTRAINT; Schema: public; Owner: yess_user
--

ALTER TABLE ONLY public."ReconciliationReports"
    ADD CONSTRAINT "PK_ReconciliationReports" PRIMARY KEY ("Id");


--
-- Name: Refunds PK_Refunds; Type: CONSTRAINT; Schema: public; Owner: yess_user
--

ALTER TABLE ONLY public."Refunds"
    ADD CONSTRAINT "PK_Refunds" PRIMARY KEY ("Id");


--
-- Name: Roles PK_Roles; Type: CONSTRAINT; Schema: public; Owner: yess_user
--

ALTER TABLE ONLY public."Roles"
    ADD CONSTRAINT "PK_Roles" PRIMARY KEY ("Id");


--
-- Name: Stories PK_Stories; Type: CONSTRAINT; Schema: public; Owner: yess_user
--

ALTER TABLE ONLY public."Stories"
    ADD CONSTRAINT "PK_Stories" PRIMARY KEY ("Id");


--
-- Name: StoryClicks PK_StoryClicks; Type: CONSTRAINT; Schema: public; Owner: yess_user
--

ALTER TABLE ONLY public."StoryClicks"
    ADD CONSTRAINT "PK_StoryClicks" PRIMARY KEY ("Id");


--
-- Name: StoryViews PK_StoryViews; Type: CONSTRAINT; Schema: public; Owner: yess_user
--

ALTER TABLE ONLY public."StoryViews"
    ADD CONSTRAINT "PK_StoryViews" PRIMARY KEY ("Id");


--
-- Name: UserAchievements PK_UserAchievements; Type: CONSTRAINT; Schema: public; Owner: yess_user
--

ALTER TABLE ONLY public."UserAchievements"
    ADD CONSTRAINT "PK_UserAchievements" PRIMARY KEY ("Id");


--
-- Name: UserLevelRewards PK_UserLevelRewards; Type: CONSTRAINT; Schema: public; Owner: yess_user
--

ALTER TABLE ONLY public."UserLevelRewards"
    ADD CONSTRAINT "PK_UserLevelRewards" PRIMARY KEY ("Id");


--
-- Name: UserLevels PK_UserLevels; Type: CONSTRAINT; Schema: public; Owner: yess_user
--

ALTER TABLE ONLY public."UserLevels"
    ADD CONSTRAINT "PK_UserLevels" PRIMARY KEY ("Id");


--
-- Name: UserPromoCodes PK_UserPromoCodes; Type: CONSTRAINT; Schema: public; Owner: yess_user
--

ALTER TABLE ONLY public."UserPromoCodes"
    ADD CONSTRAINT "PK_UserPromoCodes" PRIMARY KEY ("Id");


--
-- Name: UserRoles PK_UserRoles; Type: CONSTRAINT; Schema: public; Owner: yess_user
--

ALTER TABLE ONLY public."UserRoles"
    ADD CONSTRAINT "PK_UserRoles" PRIMARY KEY ("Id");


--
-- Name: __EFMigrationsHistory PK___EFMigrationsHistory; Type: CONSTRAINT; Schema: public; Owner: yess_user
--

ALTER TABLE ONLY public."__EFMigrationsHistory"
    ADD CONSTRAINT "PK___EFMigrationsHistory" PRIMARY KEY ("MigrationId");


--
-- Name: orders PK_orders; Type: CONSTRAINT; Schema: public; Owner: yess_user
--

ALTER TABLE ONLY public.orders
    ADD CONSTRAINT "PK_orders" PRIMARY KEY ("Id");


--
-- Name: partner_products PK_partner_products; Type: CONSTRAINT; Schema: public; Owner: yess_user
--

ALTER TABLE ONLY public.partner_products
    ADD CONSTRAINT "PK_partner_products" PRIMARY KEY ("Id");


--
-- Name: partners PK_partners; Type: CONSTRAINT; Schema: public; Owner: yess_user
--

ALTER TABLE ONLY public.partners
    ADD CONSTRAINT "PK_partners" PRIMARY KEY ("Id");


--
-- Name: transactions PK_transactions; Type: CONSTRAINT; Schema: public; Owner: yess_user
--

ALTER TABLE ONLY public.transactions
    ADD CONSTRAINT "PK_transactions" PRIMARY KEY ("Id");


--
-- Name: users PK_users; Type: CONSTRAINT; Schema: public; Owner: yess_user
--

ALTER TABLE ONLY public.users
    ADD CONSTRAINT "PK_users" PRIMARY KEY ("Id");


--
-- Name: wallets PK_wallets; Type: CONSTRAINT; Schema: public; Owner: yess_user
--

ALTER TABLE ONLY public.wallets
    ADD CONSTRAINT "PK_wallets" PRIMARY KEY ("Id");


--
-- Name: IX_AdminUsers_Email; Type: INDEX; Schema: public; Owner: yess_user
--

CREATE UNIQUE INDEX "IX_AdminUsers_Email" ON public."AdminUsers" USING btree ("Email");


--
-- Name: IX_AdminUsers_Username; Type: INDEX; Schema: public; Owner: yess_user
--

CREATE UNIQUE INDEX "IX_AdminUsers_Username" ON public."AdminUsers" USING btree ("Username");


--
-- Name: IX_Notifications_UserId; Type: INDEX; Schema: public; Owner: yess_user
--

CREATE INDEX "IX_Notifications_UserId" ON public."Notifications" USING btree ("UserId");


--
-- Name: IX_OrderItems_OrderId; Type: INDEX; Schema: public; Owner: yess_user
--

CREATE INDEX "IX_OrderItems_OrderId" ON public."OrderItems" USING btree ("OrderId");


--
-- Name: IX_OrderItems_ProductId; Type: INDEX; Schema: public; Owner: yess_user
--

CREATE INDEX "IX_OrderItems_ProductId" ON public."OrderItems" USING btree ("ProductId");


--
-- Name: IX_PartnerEmployees_PartnerId; Type: INDEX; Schema: public; Owner: yess_user
--

CREATE INDEX "IX_PartnerEmployees_PartnerId" ON public."PartnerEmployees" USING btree ("PartnerId");


--
-- Name: IX_PartnerEmployees_UserId; Type: INDEX; Schema: public; Owner: yess_user
--

CREATE INDEX "IX_PartnerEmployees_UserId" ON public."PartnerEmployees" USING btree ("UserId");


--
-- Name: IX_PartnerLocations_PartnerId; Type: INDEX; Schema: public; Owner: yess_user
--

CREATE INDEX "IX_PartnerLocations_PartnerId" ON public."PartnerLocations" USING btree ("PartnerId");


--
-- Name: IX_Refunds_TransactionId; Type: INDEX; Schema: public; Owner: yess_user
--

CREATE INDEX "IX_Refunds_TransactionId" ON public."Refunds" USING btree ("TransactionId");


--
-- Name: IX_UserRoles_RoleId; Type: INDEX; Schema: public; Owner: yess_user
--

CREATE INDEX "IX_UserRoles_RoleId" ON public."UserRoles" USING btree ("RoleId");


--
-- Name: IX_UserRoles_UserId; Type: INDEX; Schema: public; Owner: yess_user
--

CREATE INDEX "IX_UserRoles_UserId" ON public."UserRoles" USING btree ("UserId");


--
-- Name: IX_orders_CreatedAt; Type: INDEX; Schema: public; Owner: yess_user
--

CREATE INDEX "IX_orders_CreatedAt" ON public.orders USING btree ("CreatedAt");


--
-- Name: IX_orders_IdempotencyKey; Type: INDEX; Schema: public; Owner: yess_user
--

CREATE UNIQUE INDEX "IX_orders_IdempotencyKey" ON public.orders USING btree ("IdempotencyKey");


--
-- Name: IX_orders_PartnerId; Type: INDEX; Schema: public; Owner: yess_user
--

CREATE INDEX "IX_orders_PartnerId" ON public.orders USING btree ("PartnerId");


--
-- Name: IX_orders_Status; Type: INDEX; Schema: public; Owner: yess_user
--

CREATE INDEX "IX_orders_Status" ON public.orders USING btree ("Status");


--
-- Name: IX_orders_TransactionId; Type: INDEX; Schema: public; Owner: yess_user
--

CREATE UNIQUE INDEX "IX_orders_TransactionId" ON public.orders USING btree ("TransactionId");


--
-- Name: IX_orders_UserId; Type: INDEX; Schema: public; Owner: yess_user
--

CREATE INDEX "IX_orders_UserId" ON public.orders USING btree ("UserId");


--
-- Name: IX_partner_products_IsAvailable; Type: INDEX; Schema: public; Owner: yess_user
--

CREATE INDEX "IX_partner_products_IsAvailable" ON public.partner_products USING btree ("IsAvailable");


--
-- Name: IX_partner_products_PartnerId; Type: INDEX; Schema: public; Owner: yess_user
--

CREATE INDEX "IX_partner_products_PartnerId" ON public.partner_products USING btree ("PartnerId");


--
-- Name: IX_partners_Category; Type: INDEX; Schema: public; Owner: yess_user
--

CREATE INDEX "IX_partners_Category" ON public.partners USING btree ("Category");


--
-- Name: IX_partners_IsActive; Type: INDEX; Schema: public; Owner: yess_user
--

CREATE INDEX "IX_partners_IsActive" ON public.partners USING btree ("IsActive");


--
-- Name: IX_transactions_CreatedAt; Type: INDEX; Schema: public; Owner: yess_user
--

CREATE INDEX "IX_transactions_CreatedAt" ON public.transactions USING btree ("CreatedAt");


--
-- Name: IX_transactions_PartnerId; Type: INDEX; Schema: public; Owner: yess_user
--

CREATE INDEX "IX_transactions_PartnerId" ON public.transactions USING btree ("PartnerId");


--
-- Name: IX_transactions_Status; Type: INDEX; Schema: public; Owner: yess_user
--

CREATE INDEX "IX_transactions_Status" ON public.transactions USING btree ("Status");


--
-- Name: IX_transactions_Type; Type: INDEX; Schema: public; Owner: yess_user
--

CREATE INDEX "IX_transactions_Type" ON public.transactions USING btree ("Type");


--
-- Name: IX_transactions_UserId; Type: INDEX; Schema: public; Owner: yess_user
--

CREATE INDEX "IX_transactions_UserId" ON public.transactions USING btree ("UserId");


--
-- Name: IX_users_Email; Type: INDEX; Schema: public; Owner: yess_user
--

CREATE UNIQUE INDEX "IX_users_Email" ON public.users USING btree ("Email");


--
-- Name: IX_users_Phone; Type: INDEX; Schema: public; Owner: yess_user
--

CREATE UNIQUE INDEX "IX_users_Phone" ON public.users USING btree ("Phone");


--
-- Name: IX_users_ReferralCode; Type: INDEX; Schema: public; Owner: yess_user
--

CREATE UNIQUE INDEX "IX_users_ReferralCode" ON public.users USING btree ("ReferralCode");


--
-- Name: IX_wallets_UserId; Type: INDEX; Schema: public; Owner: yess_user
--

CREATE UNIQUE INDEX "IX_wallets_UserId" ON public.wallets USING btree ("UserId");


--
-- Name: idx_admin_user_role; Type: INDEX; Schema: public; Owner: yess_user
--

CREATE INDEX idx_admin_user_role ON public."AdminUsers" USING btree ("Role");


--
-- Name: idx_partner_cashback; Type: INDEX; Schema: public; Owner: yess_user
--

CREATE INDEX idx_partner_cashback ON public.partners USING btree ("CashbackRate", "IsActive");


--
-- Name: idx_partner_location; Type: INDEX; Schema: public; Owner: yess_user
--

CREATE INDEX idx_partner_location ON public.partners USING btree ("CityId", "Latitude", "Longitude");


--
-- Name: idx_partner_product_available; Type: INDEX; Schema: public; Owner: yess_user
--

CREATE INDEX idx_partner_product_available ON public.partner_products USING btree ("PartnerId", "IsAvailable");


--
-- Name: idx_partner_status; Type: INDEX; Schema: public; Owner: yess_user
--

CREATE INDEX idx_partner_status ON public.partners USING btree ("IsActive", "IsVerified", "Category");


--
-- Name: idx_transaction_date_range; Type: INDEX; Schema: public; Owner: yess_user
--

CREATE INDEX idx_transaction_date_range ON public.transactions USING btree ("CreatedAt", "Status");


--
-- Name: idx_transaction_partner; Type: INDEX; Schema: public; Owner: yess_user
--

CREATE INDEX idx_transaction_partner ON public.transactions USING btree ("PartnerId", "CreatedAt");


--
-- Name: idx_transaction_type_status; Type: INDEX; Schema: public; Owner: yess_user
--

CREATE INDEX idx_transaction_type_status ON public.transactions USING btree ("Type", "Status", "CreatedAt");


--
-- Name: idx_transaction_user_status; Type: INDEX; Schema: public; Owner: yess_user
--

CREATE INDEX idx_transaction_user_status ON public.transactions USING btree ("UserId", "Status", "CreatedAt");


--
-- Name: idx_user_activity; Type: INDEX; Schema: public; Owner: yess_user
--

CREATE INDEX idx_user_activity ON public.users USING btree ("IsActive", "LastLoginAt");


--
-- Name: idx_user_location; Type: INDEX; Schema: public; Owner: yess_user
--

CREATE INDEX idx_user_location ON public.users USING btree ("CityId", "Latitude", "Longitude");


--
-- Name: idx_user_referral; Type: INDEX; Schema: public; Owner: yess_user
--

CREATE INDEX idx_user_referral ON public.users USING btree ("ReferralCode", "ReferredBy");


--
-- Name: idx_user_verification; Type: INDEX; Schema: public; Owner: yess_user
--

CREATE INDEX idx_user_verification ON public.users USING btree ("PhoneVerified", "EmailVerified");


--
-- Name: idx_wallet_user_updated; Type: INDEX; Schema: public; Owner: yess_user
--

CREATE INDEX idx_wallet_user_updated ON public.wallets USING btree ("UserId", "LastUpdated");


--
-- Name: Notifications FK_Notifications_users_UserId; Type: FK CONSTRAINT; Schema: public; Owner: yess_user
--

ALTER TABLE ONLY public."Notifications"
    ADD CONSTRAINT "FK_Notifications_users_UserId" FOREIGN KEY ("UserId") REFERENCES public.users("Id") ON DELETE CASCADE;


--
-- Name: OrderItems FK_OrderItems_orders_OrderId; Type: FK CONSTRAINT; Schema: public; Owner: yess_user
--

ALTER TABLE ONLY public."OrderItems"
    ADD CONSTRAINT "FK_OrderItems_orders_OrderId" FOREIGN KEY ("OrderId") REFERENCES public.orders("Id") ON DELETE CASCADE;


--
-- Name: OrderItems FK_OrderItems_partner_products_ProductId; Type: FK CONSTRAINT; Schema: public; Owner: yess_user
--

ALTER TABLE ONLY public."OrderItems"
    ADD CONSTRAINT "FK_OrderItems_partner_products_ProductId" FOREIGN KEY ("ProductId") REFERENCES public.partner_products("Id") ON DELETE CASCADE;


--
-- Name: PartnerEmployees FK_PartnerEmployees_partners_PartnerId; Type: FK CONSTRAINT; Schema: public; Owner: yess_user
--

ALTER TABLE ONLY public."PartnerEmployees"
    ADD CONSTRAINT "FK_PartnerEmployees_partners_PartnerId" FOREIGN KEY ("PartnerId") REFERENCES public.partners("Id") ON DELETE CASCADE;


--
-- Name: PartnerEmployees FK_PartnerEmployees_users_UserId; Type: FK CONSTRAINT; Schema: public; Owner: yess_user
--

ALTER TABLE ONLY public."PartnerEmployees"
    ADD CONSTRAINT "FK_PartnerEmployees_users_UserId" FOREIGN KEY ("UserId") REFERENCES public.users("Id") ON DELETE CASCADE;


--
-- Name: PartnerLocations FK_PartnerLocations_partners_PartnerId; Type: FK CONSTRAINT; Schema: public; Owner: yess_user
--

ALTER TABLE ONLY public."PartnerLocations"
    ADD CONSTRAINT "FK_PartnerLocations_partners_PartnerId" FOREIGN KEY ("PartnerId") REFERENCES public.partners("Id") ON DELETE CASCADE;


--
-- Name: Refunds FK_Refunds_transactions_TransactionId; Type: FK CONSTRAINT; Schema: public; Owner: yess_user
--

ALTER TABLE ONLY public."Refunds"
    ADD CONSTRAINT "FK_Refunds_transactions_TransactionId" FOREIGN KEY ("TransactionId") REFERENCES public.transactions("Id") ON DELETE CASCADE;


--
-- Name: UserRoles FK_UserRoles_Roles_RoleId; Type: FK CONSTRAINT; Schema: public; Owner: yess_user
--

ALTER TABLE ONLY public."UserRoles"
    ADD CONSTRAINT "FK_UserRoles_Roles_RoleId" FOREIGN KEY ("RoleId") REFERENCES public."Roles"("Id") ON DELETE CASCADE;


--
-- Name: UserRoles FK_UserRoles_users_UserId; Type: FK CONSTRAINT; Schema: public; Owner: yess_user
--

ALTER TABLE ONLY public."UserRoles"
    ADD CONSTRAINT "FK_UserRoles_users_UserId" FOREIGN KEY ("UserId") REFERENCES public.users("Id") ON DELETE CASCADE;


--
-- Name: orders FK_orders_partners_PartnerId; Type: FK CONSTRAINT; Schema: public; Owner: yess_user
--

ALTER TABLE ONLY public.orders
    ADD CONSTRAINT "FK_orders_partners_PartnerId" FOREIGN KEY ("PartnerId") REFERENCES public.partners("Id") ON DELETE RESTRICT;


--
-- Name: orders FK_orders_transactions_TransactionId; Type: FK CONSTRAINT; Schema: public; Owner: yess_user
--

ALTER TABLE ONLY public.orders
    ADD CONSTRAINT "FK_orders_transactions_TransactionId" FOREIGN KEY ("TransactionId") REFERENCES public.transactions("Id") ON DELETE SET NULL;


--
-- Name: orders FK_orders_users_UserId; Type: FK CONSTRAINT; Schema: public; Owner: yess_user
--

ALTER TABLE ONLY public.orders
    ADD CONSTRAINT "FK_orders_users_UserId" FOREIGN KEY ("UserId") REFERENCES public.users("Id") ON DELETE RESTRICT;


--
-- Name: partner_products FK_partner_products_partners_PartnerId; Type: FK CONSTRAINT; Schema: public; Owner: yess_user
--

ALTER TABLE ONLY public.partner_products
    ADD CONSTRAINT "FK_partner_products_partners_PartnerId" FOREIGN KEY ("PartnerId") REFERENCES public.partners("Id") ON DELETE CASCADE;


--
-- Name: partners FK_partners_Cities_CityId; Type: FK CONSTRAINT; Schema: public; Owner: yess_user
--

ALTER TABLE ONLY public.partners
    ADD CONSTRAINT "FK_partners_Cities_CityId" FOREIGN KEY ("CityId") REFERENCES public."Cities"("Id") ON DELETE SET NULL;


--
-- Name: transactions FK_transactions_partners_PartnerId; Type: FK CONSTRAINT; Schema: public; Owner: yess_user
--

ALTER TABLE ONLY public.transactions
    ADD CONSTRAINT "FK_transactions_partners_PartnerId" FOREIGN KEY ("PartnerId") REFERENCES public.partners("Id") ON DELETE SET NULL;


--
-- Name: transactions FK_transactions_users_UserId; Type: FK CONSTRAINT; Schema: public; Owner: yess_user
--

ALTER TABLE ONLY public.transactions
    ADD CONSTRAINT "FK_transactions_users_UserId" FOREIGN KEY ("UserId") REFERENCES public.users("Id") ON DELETE RESTRICT;


--
-- Name: users FK_users_Cities_CityId; Type: FK CONSTRAINT; Schema: public; Owner: yess_user
--

ALTER TABLE ONLY public.users
    ADD CONSTRAINT "FK_users_Cities_CityId" FOREIGN KEY ("CityId") REFERENCES public."Cities"("Id") ON DELETE SET NULL;


--
-- Name: wallets FK_wallets_users_UserId; Type: FK CONSTRAINT; Schema: public; Owner: yess_user
--

ALTER TABLE ONLY public.wallets
    ADD CONSTRAINT "FK_wallets_users_UserId" FOREIGN KEY ("UserId") REFERENCES public.users("Id") ON DELETE CASCADE;


--
-- PostgreSQL database dump complete
--

\unrestrict dzCVUy41RCX8PsZwaWMycDrHItgvBaXGfNi2NBRZvXoKXv34BoIXcnHxsO41GGg

--
-- PostgreSQL database cluster dump complete
--

